_r,2MASS,RAJ2000,DEJ2000,Jmag,Hmag,Kmag,e_Jmag,e_Hmag,e_Kmag,Qflg,query_idx,gaia_id,sep_arcsec
0.131,19341042+1922141,293.543455,19.370588,10.664,10.017,9.576,0.023,0.023,0.02,AAA,0,Gaia DR3 1825407490781545216,0.1588020591295923
1.987,23472043+6313122,356.835142,63.220078,6.096,5.76,5.53,0.027,0.029,0.018,AAA,1,Gaia DR3 2016055591466867712,1.9819950406802287
0.098,19481826+3026526,297.07612,30.44796,11.083,10.72,10.404,0.023,0.024,0.021,AAA,2,Gaia DR3 2032145466709678464,0.12716432268100242
0.086,20213172+3655127,305.382187,36.920219,7.339,6.929,6.535,0.018,0.017,0.016,AAA,3,Gaia DR3 2057563358004716928,0.10287893139117009
0.123,20055731+3547181,301.488817,35.78838,6.319,6.315,6.247,0.02,0.018,0.021,AAA,4,Gaia DR3 2059076148587289728,0.1321083313890706
0.277,20101420+3610350,302.559206,36.176403,6.715,6.516,6.162,0.018,0.021,0.016,AAA,5,Gaia DR3 2059146654767199872,0.3039477421582542
0.211,20143177+3639396,303.632409,36.661018,6.98,6.767,6.185,0.027,0.017,0.016,AAA,6,Gaia DR3 2060508777869902592,0.24050008419271005
0.214,20120654+3821178,303.027279,38.354954,6.127,5.899,5.561,0.021,0.016,0.016,AAA,7,Gaia DR3 2061690233159124352,0.24352166892410745
0.232,20202798+4351164,305.116618,43.854561,5.547,5.429,5.037,0.018,0.023,0.016,AAA,8,Gaia DR3 2081261372633822592,0.2608933604177185
0.062,18075089-3510251,271.962079,-35.173656,13.786,13.519,13.272,0.022,0.023,0.03,AAA,9,Gaia DR3 4038875335491155328,0.07628897054436828
0.053,17353641-3355577,263.90173,-33.932701,9.303,8.914,8.645,0.025,0.028,0.026,AAA,10,Gaia DR3 4053636485258105472,0.04076250680166048
0.249,17361991-3326124,264.082968,-33.436787,8.289,6.672,5.268,0.02,0.029,0.018,AAA,11,Gaia DR3 4053759222599074048,0.2581745747971809
0.181,17411303-3032305,265.304303,-30.541815,9.143,6.505,4.332,0.019,0.024,0.016,AAA,13,Gaia DR3 4056719657597352832,0.1497780622668152
0.108,17411351-3003409,265.306301,-30.061384,13.52,11.699,10.558,0.035,0.049,0.05,AAA,14,Gaia DR3 4056952612330664064,0.1270757538204344
0.058,17454754-2610267,266.448084,-26.174089,11.393,10.893,10.619,,0.055,0.041,UAA,15,Gaia DR3 4067059872964459648,0.06224833303186746
4.238,17454775-2610299,266.448966,-26.174982,12.311,12.629,12.229,,0.107,0.07,UAA,15,Gaia DR3 4067059872964459648,4.239983441928252
0.577,17590289-2420506,269.762071,-24.347391,13.781,12.381,10.889,,0.071,0.06,UAA,16,Gaia DR3 4069024395312085888,0.6031121097071015
2.056,17590288-2420526,269.762026,-24.347958,14.104,12.045,10.658,0.06,,,AUU,16,Gaia DR3 4069024395312085888,2.04158993434636
0.184,18020412-2337419,270.517192,-23.628325,6.666,4.343,2.423,0.026,0.236,0.256,ADD,17,Gaia DR3 4069167258796371712,0.20578940539545548
0.173,17590798-2236427,269.783272,-22.611862,12.608,10.477,9.212,0.037,,,AUU,18,Gaia DR3 4069511341526393984,0.19921999972503893
3.946,17590804-2236467,269.783531,-22.612976,14.731,11.165,9.937,0.152,,,BUU,18,Gaia DR3 4069511341526393984,3.932490259237609
0.132,17594822-2214521,269.950933,-22.247822,11.396,10.29,9.474,0.023,0.027,0.025,AAA,19,Gaia DR3 4069557997737704960,0.1577992200437924
0.005,18045243-2037486,271.218461,-20.630177,8.835,7.233,5.719,0.03,0.065,0.021,AAA,20,Gaia DR3 4070884386721226240,0.029347894410446215
0.051,18092038-2018572,272.334934,-20.315897,11.923,9.225,7.719,0.027,0.023,0.023,AAA,21,Gaia DR3 4094175552005597440,0.0636459947556431
0.407,18070516-2015163,271.771524,-20.25453,14.867,12.671,11.162,0.044,0.043,0.029,AAA,22,Gaia DR3 4094936822058475136,0.4301170973472659
0.123,18075695-1923568,271.987313,-19.399134,7.118,6.716,6.223,0.018,0.027,0.024,AAA,23,Gaia DR3 4095125220807894400,0.09931704434840535
0.119,18124110-1826304,273.17126,-18.441795,13.803,11.965,10.918,0.029,0.024,0.029,AAA,24,Gaia DR3 4095672915045892992,0.1431076473728835
0.271,18125713-1801263,273.238078,-18.023973,10.639,8.664,8.046,0.023,0.086,0.029,AAA,25,Gaia DR3 4095702533139975168,0.25407699679839757
4.076,18125687-1801254,273.236994,-18.023739,9.926,8.498,7.931,0.046,0.059,0.017,AAA,25,Gaia DR3 4095702533139975168,4.057175035623655
0.04,18133481-1805415,273.39506,-18.094875,10.168,8.887,8.024,0.021,0.022,0.021,EEA,26,Gaia DR3 4095711943401184512,0.009009389089043092
0.072,18132248-1753503,273.343705,-17.897324,10.305,9.269,8.659,0.023,0.024,0.02,AAA,27,Gaia DR3 4095728440383641344,0.03996157116501876
0.264,18141409-1721027,273.558729,-17.350752,16.131,14.264,12.239,0.086,0.075,0.041,ABA,28,Gaia DR3 4097438485888595584,0.25258024395354645
0.135,18231633-1343261,275.818072,-13.723944,8.98,8.426,7.608,0.027,0.034,0.016,AAA,29,Gaia DR3 4152380330315696640,0.10328354119587807
0.231,18225904-1312311,275.746033,-13.208651,14.17,12.622,11.679,0.07,0.083,0.052,AEA,30,Gaia DR3 4152553773976467712,0.25590416058534854
4.761,18225875-1312292,275.744806,-13.208124,14.781,13.212,12.562,0.081,0.1,0.071,AAA,30,Gaia DR3 4152553773976467712,4.748514550806877
0.098,18260611-1304104,276.525482,-13.069576,9.589,8.822,8.299,0.025,0.026,0.025,AAA,31,Gaia DR3 4152574080574698752,0.09728426943177726
4.723,18210261-1227466,275.260893,-12.462955,12.227,11.936,11.856,0.041,0.055,0.043,AAA,32,Gaia DR3 4152844491726272640,4.695701376734905
0.052,18210292-1227456,275.262196,-12.462691,11.7,11.119,10.64,0.051,0.053,0.034,EEA,32,Gaia DR3 4152844491726272640,0.02057112035156666
0.214,18270427-1222526,276.767833,-12.381287,8.209,7.566,6.955,0.019,0.017,0.021,AAA,33,Gaia DR3 4153009457139196032,0.19657151288196698
4.377,18244618-1154317,276.192426,-11.90881,14.059,12.353,11.666,0.083,0.058,0.051,AAA,34,Gaia DR3 4153250864340865408,4.350553643957551
0.477,18244626-1154270,276.192758,-11.907523,13.399,12.277,11.419,0.078,0.098,0.071,AEA,34,Gaia DR3 4153250864340865408,0.49079112824952664
4.347,18244656-1154283,276.19401,-11.907876,14.332,13.001,12.462,0.072,0.057,0.046,AAA,34,Gaia DR3 4153250864340865408,4.367000276307135
0.177,18233233-1203585,275.884719,-12.06627,14.45,12.9,11.691,0.06,0.073,0.04,AAA,35,Gaia DR3 4153253750568925568,0.20779054169883165
0.051,18190736-1137591,274.780673,-11.633092,7.016,6.283,5.492,0.026,0.029,0.018,AAA,36,Gaia DR3 4153716198275554176,0.0596703981076676
0.099,18250024-1033236,276.251004,-10.556565,12.21,11.236,10.611,0.033,0.048,0.038,AAA,37,Gaia DR3 4154273822474507136,0.1309612650624205
0.058,18311653-1009250,277.818879,-10.156946,9.093,8.287,7.632,0.029,0.038,0.024,AAA,38,Gaia DR3 4155087293585479552,0.0893453886297872
0.064,18293384-0839020,277.39103,-8.650582,14.066,12.752,11.925,0.022,0.022,0.02,AAA,39,Gaia DR3 4156611555997469824,0.09584757725902464
0.748,18382716-0710447,279.613203,-7.179108,13.643,11.727,10.589,0.032,0.024,0.024,AAA,40,Gaia DR3 4252854660635487360,0.7399975804422667
0.214,18361729-0705072,279.072046,-7.085354,10.343,8.399,7.381,0.021,0.021,0.021,AAA,41,Gaia DR3 4252915412949854208,0.21747600424891803
0.11,18461505-0542210,281.562741,-5.70584,12.104,11.406,10.926,0.033,0.03,0.03,AAA,42,Gaia DR3 4253520659831494784,0.14030368021721584
0.09,19035902-0419018,285.995926,-4.317193,9.524,9.282,8.917,0.027,0.029,0.023,AAA,43,Gaia DR3 4254678995275751808,0.10596908224611083
0.077,18441314-0347577,281.054785,-3.799382,8.295,7.056,5.773,0.027,0.044,0.023,AAA,44,Gaia DR3 4258284534415364224,0.06624893114920981
0.041,18420630-0348224,280.526285,-3.806245,11.946,10.216,9.162,0.029,0.022,0.021,AAA,45,Gaia DR3 4258462655287419776,0.06136181420414409
0.071,18424692-0313172,280.695503,-3.221458,13.508,12.834,12.325,0.027,0.028,0.027,AAA,46,Gaia DR3 4258557110213184896,0.08927949034385797
4.32,18431696-0308552,280.820668,-3.148691,14.932,13.367,12.745,0.07,0.109,0.08,AAA,47,Gaia DR3 4258650877925467264,4.304787541465697
0.191,18431722-0308568,280.821786,-3.149118,12.639,11.029,10.377,,,0.039,UUA,47,Gaia DR3 4258650877925467264,0.1619439715784826
0.036,18451738-0248130,281.322436,-2.80363,9.97,8.113,6.602,0.032,0.034,0.016,AAA,48,Gaia DR3 4258685375104408960,0.058425827266711056
0.178,18442065-0236510,281.086075,-2.614179,12.744,11.571,10.72,0.032,0.038,0.026,AAA,49,Gaia DR3 4258706295872782592,0.20172806099179805
4.922,18492765-0104194,282.365236,-1.072069,14.205,12.778,12.179,0.075,0.062,0.031,AAA,50,Gaia DR3 4260047188967522304,4.949753583241446
0.087,18492733-0104207,282.3639,-1.072441,10.943,10.068,9.473,0.028,0.033,0.024,AAA,50,Gaia DR3 4260047188967522304,0.055942784656872684
0.034,18460097-0114349,281.504053,-1.243048,12.759,11.425,10.642,0.023,0.022,0.021,AAA,51,Gaia DR3 4260073263704313728,0.022198244881074553
0.137,18432217-0103371,280.842413,-1.060323,11.496,10.782,10.225,0.03,0.032,0.029,AAA,52,Gaia DR3 4260190366014987904,0.15440353722720077
0.136,18524369+0008415,283.18208,0.144883,12.49,10.684,9.614,0.025,0.024,0.022,AAA,53,Gaia DR3 4266263411103249920,0.14917532630403701
0.754,19012711+0351542,285.362996,3.865061,14.248,12.267,10.989,0.044,0.041,0.037,AAA,54,Gaia DR3 4281254668018228096,0.7766243331880659
0.23,19024235+0654450,285.676466,6.912508,13.109,11.619,11.05,0.035,0.035,0.03,AAA,55,Gaia DR3 4306688266055108480,0.2542976955103379
0.051,19100639+0945254,287.52666,9.757074,14.727,13.441,12.625,0.037,0.034,0.03,AAA,56,Gaia DR3 4309211331708602240,0.054910213163739896
0.082,19183135+1343392,289.630629,13.727567,12.788,11.035,9.966,0.026,0.028,0.022,AAA,57,Gaia DR3 4319406076548902784,0.09937190449318403
0.109,19204038+1350352,290.168277,13.843117,13.574,11.804,10.762,0.036,0.036,0.025,AAA,58,Gaia DR3 4319423252107433216,0.11781836491864009
0.043,19173280+1408279,289.386687,14.141106,13.902,12.723,11.667,0.035,0.039,0.028,AAA,59,Gaia DR3 4319502902284779392,0.058901037874078035
4.967,19225332+1408526,290.722191,14.147968,13.784,12.593,12.077,0.031,0.066,0.07,AAE,60,Gaia DR3 4319620373924501120,4.9612538974558165
0.147,19225361+1408498,290.723401,14.147172,12.668,10.915,9.676,0.032,0.033,0.023,AAA,60,Gaia DR3 4319620373924501120,0.16523597175005525
0.525,19251811+1702159,291.325478,17.037758,12.966,11.176,9.922,0.033,0.032,0.026,EEA,61,Gaia DR3 4322565798082824832,0.5288809693052582
0.105,19281561+1933214,292.065079,19.555956,9.298,8.74,8.214,0.022,0.021,0.019,AAA,62,Gaia DR3 4515628288919542784,0.12295455973845125
0.033,10513890-6056348,162.912091,-60.94302,10.249,9.826,9.558,0.024,0.025,0.021,AAA,63,Gaia DR3 5242117089256813568,0.057996585933318856
4.593,10513945-6056369,162.914403,-60.943611,14.45,13.861,10.804,0.109,0.168,,ACU,63,Gaia DR3 5242117089256813568,4.62273563504518
0.095,10435225-6007040,160.967709,-60.117805,6.097,6.012,5.816,0.023,0.034,0.024,AAA,64,Gaia DR3 5254268071479968512,0.11833845938834074
0.075,10241839-5748297,156.076665,-57.80827,8.653,7.797,7.18,0.026,0.042,0.02,AAA,65,Gaia DR3 5255677056923564544,0.10354864021013148
0.083,10235800-5745489,155.991673,-57.763607,8.858,8.083,7.588,0.02,0.051,0.017,AAA,66,Gaia DR3 5255678160756667776,0.09515388254971294
0.084,10232880-5746294,155.870002,-57.774857,10.596,9.197,8.339,0.03,0.023,0.029,AAA,67,Gaia DR3 5255679638225357952,0.11381303897623024
0.08,10103191-6038423,152.632965,-60.645107,9.926,9.736,9.167,0.032,0.032,0.027,AEA,68,Gaia DR3 5256443042906853504,0.10261876006585019
4.557,10103210-6038380,152.633759,-60.643913,12.383,11.876,11.781,0.042,0.041,0.052,AAA,68,Gaia DR3 5256443042906853504,4.548638212533935
0.146,08545916-4735327,133.746529,-47.592426,7.486,7.245,6.612,0.024,0.038,0.016,AAA,69,Gaia DR3 5328783280128054784,0.1730419503725288
4.455,11560309-6318546,179.012891,-63.315174,11.647,11.118,10.811,0.044,0.056,0.051,AAA,70,Gaia DR3 5333031827450024320,4.427364731017094
4.184,11560437-6318544,179.018229,-63.315132,12.077,11.557,11.276,0.028,0.032,0.032,AAA,70,Gaia DR3 5333031827450024320,4.21200316280183
0.139,11560376-6318544,179.015687,-63.315136,10.45,9.887,9.526,0.055,0.062,0.06,AAA,70,Gaia DR3 5333031827450024320,0.16266591263041302
0.067,11500424-6252154,177.517676,-62.870956,12.573,11.575,10.94,0.03,0.032,0.029,AAA,71,Gaia DR3 5333291106030306688,0.09590516683115274
3.487,11562059-6234412,179.085807,-62.578133,12.22,10.996,10.427,0.029,,,AUU,72,Gaia DR3 5334579768033444224,3.501108035306104
0.07,11562051-6234378,179.085493,-62.577171,11.571,10.742,9.992,0.051,,,AUU,72,Gaia DR3 5334579768033444224,0.09464392925951697
0.172,11054642-6113487,166.443455,-61.230209,11.991,11.497,10.793,0.044,0.05,0.047,AEA,73,Gaia DR3 5337277763391646336,0.18642714983114048
3.544,11054613-6113457,166.442221,-61.229378,13.185,12.783,12.54,0.065,0.086,0.07,AAA,73,Gaia DR3 5337277763391646336,3.517465020851908
0.086,11054896-6113413,166.454018,-61.228161,11.533,11.213,10.705,,0.046,0.042,UAA,74,Gaia DR3 5337277763391663488,0.11542949109653422
3.597,11054845-6113414,166.451901,-61.228168,11.906,12.85,12.604,,0.102,0.079,UAA,74,Gaia DR3 5337277763391663488,3.571642102824295
0.125,11061873-6114184,166.578071,-61.238461,9.513,8.744,8.207,0.03,0.036,0.024,EAA,75,Gaia DR3 5337278278787846784,0.1544317016849389
4.726,11061858-6114138,166.577427,-61.237167,10.395,9.276,8.608,0.033,0.078,0.059,AAA,75,Gaia DR3 5337278278787846784,4.707789498638028
4.891,11061873-6114184,166.578071,-61.238461,9.513,8.744,8.207,0.03,0.036,0.024,EAA,76,Gaia DR3 5337278278787851136,4.9106218260560315
0.135,11061858-6114138,166.577427,-61.237167,10.395,9.276,8.608,0.033,0.078,0.059,AAA,76,Gaia DR3 5337278278787851136,0.1644958521504839
0.122,11150758-6116546,168.781598,-61.281845,10.467,9.682,9.237,0.037,0.041,0.036,AAA,77,Gaia DR3 5337417985482248576,0.12823238614530214
0.125,10574286-6034005,164.428596,-60.566811,11.04,10.343,9.489,0.047,0.036,0.029,AAA,78,Gaia DR3 5338030172959579008,0.15263649438541457
0.161,11010210-6014011,165.25875,-60.233639,10.949,10.351,9.757,0.043,0.056,0.039,AAA,79,Gaia DR3 5338141464150107008,0.19058574823778815
4.66,10595304-5952388,164.971035,-59.877453,11.473,10.547,10.269,0.055,0.048,0.023,EEA,80,Gaia DR3 5338166855999992448,4.651833716367576
0.16,10595293-5952433,164.970547,-59.878716,11.717,11.042,10.229,0.023,0.027,0.053,AAE,80,Gaia DR3 5338166855999992448,0.18700800325994343
0.135,10561158-6027128,164.04827,-60.453579,5.42,5.084,4.531,0.02,0.046,0.015,AEE,81,Gaia DR3 5338220285385672064,0.1641645122271818
0.089,11023296-5926209,165.637346,-59.439148,10.398,9.906,9.4,0.026,0.027,0.029,AAA,82,Gaia DR3 5338564015865196800,0.08448953393936666
4.182,11023247-5926225,165.635293,-59.439602,12.884,12.308,12.109,0.047,0.053,0.048,AAA,82,Gaia DR3 5338564015865196800,4.1633826008683235
0.071,10250260-5721473,156.260834,-57.363148,10.505,9.571,9.035,0.026,0.023,0.023,AAA,83,Gaia DR3 5351766715283439104,0.07304100425661011
0.077,07594624-2844031,119.942673,-28.734203,10.053,9.887,9.61,0.032,0.033,0.027,EEA,84,Gaia DR3 5597770416085979648,0.091194096825837
0.161,14130353-6526527,213.264734,-65.447975,10.958,10.666,10.351,0.024,0.025,0.023,AAA,85,Gaia DR3 5852718536596531968,0.18927899249294364
0.195,13080715-6518215,197.029804,-65.305977,5.571,5.566,5.434,0.023,0.047,0.018,AAA,86,Gaia DR3 5858915766471945984,0.2003892809428871
0.12,13112771-6345598,197.865479,-63.766621,10.99,9.78,8.578,0.022,0.022,0.019,AAA,87,Gaia DR3 5862209147378793344,0.14634411026849264
0.112,13125237-6323458,198.218241,-63.396069,11.863,11.521,11.16,0.028,0.036,0.033,AAA,88,Gaia DR3 5862235604379974016,0.14171828590882915
0.123,13122766-6244220,198.11529,-62.739449,13.159,11.824,10.708,0.023,0.022,0.021,AAA,89,Gaia DR3 5862501613104119424,0.15239956397867888
0.067,13120905-6243267,198.037744,-62.724087,10.208,8.567,7.577,0.023,0.042,0.038,AAA,90,Gaia DR3 5862501922341768704,0.09536080088817032
0.01,13122497-6242002,198.10408,-62.700062,9.422,8.146,7.477,0.032,0.046,0.027,AAA,91,Gaia DR3 5862502338987191552,0.03599918963547784
0.076,13122850-6241509,198.11879,-62.697498,9.813,8.834,8.15,0.036,0.04,0.034,EAA,92,Gaia DR3 5862502338987197312,0.10555715437741661
0.098,13122855-6241438,198.118966,-62.695522,8.255,7.266,6.61,0.02,0.049,0.02,AAA,93,Gaia DR3 5862502338987201408,0.10600833983878949
0.082,13125770-6240599,198.240443,-62.683315,10.825,9.83,8.981,0.026,0.029,0.027,AAA,94,Gaia DR3 5862525634891347968,0.11077143923800817
0.04,12525567-6346380,193.231989,-63.777229,11.244,10.481,9.892,0.026,0.022,0.023,AAA,95,Gaia DR3 5862723203396880128,0.0694200088242093
4.806,13334479-6407342,203.436646,-64.12619,12.728,11.821,11.545,0.029,0.033,0.046,AAA,96,Gaia DR3 5864204692281636864,4.783296703388178
0.095,13334538-6407312,203.439101,-64.125351,11.844,11.478,10.77,0.045,0.063,0.033,EEE,96,Gaia DR3 5864204692281636864,0.12264263456265462
0.018,13493255-6131422,207.385631,-61.528412,8.795,7.709,6.609,0.021,0.034,0.024,AAA,97,Gaia DR3 5865643433220067328,0.030547688078429114
0.181,13541345-6150018,208.55608,-61.833855,13.603,12.066,10.864,0.026,0.023,0.025,AAA,98,Gaia DR3 5867065376634816896,0.21107140827019333
0.147,13305325-6204517,202.721891,-62.081043,8.745,7.915,6.835,0.029,0.026,0.026,AAA,99,Gaia DR3 5868384073377056384,0.16352108062356158
0.152,15241131-6240374,231.047129,-62.677082,7.955,7.278,6.403,0.026,0.031,0.017,AAA,101,Gaia DR3 5875086524484367232,0.17158727674317617
0.134,15134172-5911449,228.423835,-59.195816,8.459,7.278,6.165,0.019,0.049,0.026,AAA,102,Gaia DR3 5876932844981435904,0.16335478142790086
0.116,14310613-6120595,217.775558,-61.349873,9.108,8.347,7.752,0.032,0.026,0.021,EAA,103,Gaia DR3 5878402612822904704,0.12651740919810953
0.246,14462640-5923291,221.610032,-59.391434,8.41,7.424,6.873,0.024,0.033,0.021,AAA,104,Gaia DR3 5879035145561896448,0.27541755177079486
0.13,15024614-5827067,225.69226,-58.451862,12.392,11.042,10.183,0.029,0.031,0.023,AAA,105,Gaia DR3 5879721167786590720,0.14374881977579781
0.14,15105766-5757286,227.74026,-57.95797,13.837,12.191,11.114,0.041,0.032,0.023,AAA,106,Gaia DR3 5880077688741091968,0.16833656825234888
0.121,15073185-5815098,226.882746,-58.252731,13.11,11.659,10.803,0.041,0.055,0.078,AAA,107,Gaia DR3 5880092291630768512,0.1483851983122742
4.207,15073238-5815097,226.884921,-58.25272,11.641,11.186,10.962,0.04,0.056,0.045,EEA,107,Gaia DR3 5880092291630768512,4.236655472464231
0.125,14565519-5550585,224.229999,-55.849609,12.498,12.031,11.329,0.041,0.045,0.032,AAA,108,Gaia DR3 5881477813761075712,0.1544626209939922
0.121,15294469-5834512,232.436247,-58.580891,7.067,6.557,5.744,0.024,0.036,0.027,AAA,109,Gaia DR3 5882096598319863936,0.14852294438584746
0.18,15371079-5613185,234.294998,-56.221809,9.569,7.467,5.851,0.023,0.023,0.024,AAA,110,Gaia DR3 5883543486825643648,0.20766657871098443
0.074,15352652-5604123,233.860532,-56.070091,13.841,12.386,11.457,0.037,0.04,0.028,AAA,111,Gaia DR3 5883559253643620864,0.10429054177401123
0.039,15484210-5507542,237.175439,-55.131725,11.185,9.708,8.49,0.028,0.029,0.023,AAA,112,Gaia DR3 5884424092561607168,0.046665103571008205
0.43,15430468-5511123,235.769504,-55.186764,10.96,9.936,9.056,0.029,0.034,0.026,AAA,113,Gaia DR3 5884464430895359616,0.45112448535228306
0.52,15391701-5549189,234.820884,-55.821918,14.124,12.581,11.501,0.033,0.031,0.025,AAA,114,Gaia DR3 5885078984866033920,0.5396116328205763
4.825,16040427-5310463,241.017804,-53.179546,12.376,11.653,11.54,0.03,0.033,0.019,AEA,115,Gaia DR3 5932918014247209472,4.845563648766781
0.191,16040379-5310443,241.015829,-53.178993,13.134,11.899,11.171,0.028,0.026,0.051,AAA,115,Gaia DR3 5932918014247209472,0.22189960939130945
0.061,16242623-5132060,246.109301,-51.535027,8.601,8.244,7.837,0.026,0.036,0.023,AAA,116,Gaia DR3 5934037012236694272,0.09139993544301538
0.201,16161381-5136417,244.057545,-51.611603,9.727,9.224,8.798,0.026,0.03,0.028,AAA,117,Gaia DR3 5934745299485840768,0.231027116365792
0.017,16114370-5110166,242.932105,-51.171299,10.259,8.973,8.097,0.022,0.027,0.024,AAA,118,Gaia DR3 5934986165584098048,0.02331382054186662
0.079,16194019-4913589,244.917466,-49.233055,10.306,9.235,8.475,0.024,0.024,0.033,AAA,119,Gaia DR3 5935620137100518016,0.10615304310940372
4.874,16194017-4914039,244.917393,-49.234428,14.638,10.923,10.307,0.138,,,BUU,119,Gaia DR3 5935620137100518016,4.859450197979456
0.093,16593396-4705365,254.891528,-47.093491,10.13,9.389,8.912,0.027,0.025,0.024,AAA,120,Gaia DR3 5939094009724936320,0.10723721236084212
0.772,16470763-4552352,251.781829,-45.876465,9.976,8.814,8.332,0.148,0.17,0.224,BCD,121,Gaia DR3 5940105830996862208,0.7795978665400569
0.016,16470396-4551377,251.766501,-45.860477,10.131,7.965,6.739,0.047,,,AUU,128,Gaia DR3 5940106007100719872,0.015634712543963036
3.762,16470432-4551379,251.768004,-45.860535,11.436,8.5,7.284,0.041,,,AUU,128,Gaia DR3 5940106007100719872,3.787453173423616
4.028,16470846-4550493,251.785261,-45.847034,8.024,6.924,6.33,0.021,0.026,0.02,AAA,131,Gaia DR3 5940106041452121472,4.020082825018525
3.258,16470661-4550422,251.777583,-45.845074,6.603,7.044,6.171,0.018,,,AUU,132,Gaia DR3 5940106041452144896,3.2491385468320453
0.502,16470601-4550234,251.775048,-45.839844,10.012,8.879,8.249,0.046,,,AUU,133,Gaia DR3 5940106041452163840,0.5131796098947019
0.09,16470088-4551206,251.7537,-45.855728,10.896,9.661,8.869,0.101,,,AUU,134,Gaia DR3 5940106655630578560,0.10362218946510716
2.478,16470136-4551456,251.755678,-45.862686,8.133,7.686,6.93,0.02,,,AUU,135,Gaia DR3 5940106659927357696,2.448989306019902
2.736,16470222-4550590,251.759273,-45.849747,6.716,5.49,4.795,0.018,0.021,0.018,AAA,137,Gaia DR3 5940106763006638080,2.7153781278980045
4.872,16470369-4550435,251.765404,-45.845417,5.714,1.866,6.023,0.018,9.996,,AFU,138,Gaia DR3 5940106797374720640,4.850196894164503
0.207,16470298-4550199,251.762426,-45.838875,9.482,8.445,7.864,0.032,0.018,,AAU,139,Gaia DR3 5940106797374726784,0.2026643108862953
3.849,16470303-4550235,251.76266,-45.839874,9.682,8.645,8.038,0.048,0.031,,AAU,139,Gaia DR3 5940106797374726784,3.8376391738897713
0.012,16464628-4547582,251.692846,-45.799526,10.04,8.214,6.725,0.023,0.018,0.026,AAA,140,Gaia DR3 5940107106612387968,0.03618383591575695
4.507,16470725-4549197,251.780226,-45.822144,13.938,11.398,10.707,0.089,,,AUU,141,Gaia DR3 5940199907954832768,4.493532374871253
0.152,16470761-4549222,251.781712,-45.822842,12.233,10.422,10.167,0.019,9.998,0.063,EFA,141,Gaia DR3 5940199907954832768,0.12363919760503599
4.941,16334864-4928489,248.452683,-49.480255,11.875,13.085,12.618,,0.165,0.073,UCA,142,Gaia DR3 5940491385980774528,4.921159377678177
0.107,16334874-4928439,248.453088,-49.478882,10.218,9.292,8.907,0.026,0.061,0.067,AAA,142,Gaia DR3 5940491385980774528,0.1360710201115043
0.059,16245886-4856524,246.245284,-48.947903,13.282,11.764,10.731,0.054,0.049,0.044,AAA,143,Gaia DR3 5941455760690440448,0.05018398311292095
0.066,16434036-4557576,250.918205,-45.966,10.565,9.708,9.141,0.024,0.025,0.02,AAA,144,Gaia DR3 5943094788943803904,0.0839879426669205
0.052,16590219-4543100,254.759148,-45.719467,9.457,7.767,6.309,0.023,0.036,0.023,AAA,145,Gaia DR3 5964033098110548736,0.06935246677084685
4.726,16545809-4109035,253.742044,-41.150997,6.616,6.804,6.154,0.351,0.583,0.435,DDD,146,Gaia DR3 5966563486675142912,4.698180224964861
0.009,16545850-4109031,253.743777,-41.150864,5.148,5.09,4.904,0.034,0.036,0.018,AAA,146,Gaia DR3 5966563486675142912,0.024629389656306965
0.073,16480137-4247382,252.00571,-42.793968,11.183,10.507,9.691,0.024,0.023,0.019,AAA,147,Gaia DR3 5967906059105052800,0.05104067404220259
3.844,17112189-3953188,257.841225,-39.88858,10.264,10.742,8.958,,0.042,,UAU,148,Gaia DR3 5972179719043340800,3.8730303156021804
0.085,17112170-3953219,257.840429,-39.889427,9.582,8.962,8.504,,0.036,,UAU,148,Gaia DR3 5972179719043340800,0.11383576153230011
0.249,17110082-3949312,257.753418,-39.82534,15.26,13.894,12.814,0.089,0.07,0.052,AEA,149,Gaia DR3 5972183468571843712,0.27783276961201414
0.215,17142712-3945472,258.613039,-39.763126,8.2,7.943,7.475,,,0.046,UUA,150,Gaia DR3 5972220130436920832,0.21390452285001318
0.028,17114613-3920277,257.942221,-39.341049,10.875,9.997,9.49,0.022,0.022,0.023,AAA,151,Gaia DR3 5972950373611106560,0.05144861208530887
0.102,17112850-3913168,257.86876,-39.221355,13.984,12.202,10.981,0.032,0.035,0.05,AAA,152,Gaia DR3 5973057438557915776,0.1129219386880743
4.394,17142565-3809537,258.606903,-38.164925,11.595,10.069,9.223,,0.033,0.034,UAA,153,Gaia DR3 5973487970376696320,4.397908706641286
4.231,17142564-3809472,258.606835,-38.163128,12.502,12.413,10.572,,0.06,,UEU,153,Gaia DR3 5973487970376696320,4.261746609647614
0.517,17142539-3809499,258.605807,-38.163883,12.012,11.34,9.787,,0.059,,UAU,153,Gaia DR3 5973487970376696320,0.5269591560252794
0.077,17142565-3809537,258.606903,-38.164925,11.595,10.069,9.223,,0.033,0.034,UAA,154,Gaia DR3 5973487970401339904,0.10787507654190322
4.878,17142539-3809499,258.605807,-38.163883,12.012,11.34,9.787,,0.059,,UAU,154,Gaia DR3 5973487970401339904,4.875340755653738
0.152,17142471-3809493,258.602991,-38.163708,12.454,10.78,9.794,0.049,0.046,0.042,AAA,155,Gaia DR3 5973487970401341696,0.17977933263403406
0.27,17320330-3504323,263.013785,-35.075657,11.331,10.555,10.171,0.028,0.039,0.037,AAA,156,Gaia DR3 5975043607541238016,0.2878577732654701
0.152,17250885-3411124,261.286913,-34.186779,7.036,6.533,5.865,0.019,0.061,0.018,AAA,157,Gaia DR3 5976045567560658560,0.18095394420030925
0.028,15592528-5412427,239.855337,-54.21188,10.935,10.242,9.759,0.03,0.035,0.029,AAA,158,Gaia DR3 5980784844951253376,0.05034538676113894
0.139,16002643-5211099,240.110125,-52.186092,11.526,10.195,9.289,0.021,0.022,0.021,AAA,159,Gaia DR3 5981056802278006144,0.16569310347260297
0.344,16005047-5142449,240.210328,-51.712494,9.127,7.764,6.432,0.02,0.016,0.018,AAA,160,Gaia DR3 5981635832593607040,0.3503641066469907
3.947,12143164-6258481,183.631864,-62.980045,9.871,8.682,7.613,0.079,0.075,0.033,EEA,161,Gaia DR3 6054402160638288000,3.9357557605246156
1.165,12143171-6258532,183.632143,-62.981457,9.466,8.301,7.666,,,0.046,UUA,161,Gaia DR3 6054402160638288000,1.172687771929667
0.049,12143390-6258486,183.641288,-62.980186,11.663,10.383,9.617,0.029,0.029,0.025,AAA,162,Gaia DR3 6054402160643310208,0.06616035725909335
4.538,12143092-6258525,183.628836,-62.98127,13.152,11.97,9.353,0.14,0.237,,BDU,163,Gaia DR3 6054402164972278528,4.508317379396872
1.643,12143171-6258532,183.632143,-62.981457,9.466,8.301,7.666,,,0.046,UUA,163,Gaia DR3 6054402164972278528,1.6596428295843906
0.124,12143309-6258509,183.637881,-62.980816,11.438,10.264,9.55,0.072,0.063,0.058,AAA,164,Gaia DR3 6054402164972282240,0.13456005677268154
4.494,12143272-6258548,183.636343,-62.981892,12.634,11.605,10.776,0.085,0.159,0.111,AEE,164,Gaia DR3 6054402164972282240,4.485504164393579
0.087,12121681-6246145,183.070057,-62.770706,12.067,10.719,9.88,0.035,0.03,0.028,AAA,165,Gaia DR3 6054469643164086016,0.11282578819999814
0.105,12504897-6224397,192.704079,-62.411037,13.32,11.919,11.088,0.037,0.041,0.024,AAA,166,Gaia DR3 6055240641333628800,0.13039022200658243
