source_id,ra,dec,Gmag,BPmag,RPmag,parallax,parallax_over_error,ruwe,tmass_id,Jmag,Hmag,Kmag,qual_tmass,wise_id,W1mag,W2mag,qual_wise
1821509378448652416,297.13415197762293,18.20100230682033,10.353326,10.40033,10.190271,0.2835610145174032,14.059109,0.9115294,19483219+1812036,9.969,9.836,9.623,AAA,J194832.19+181203.6,9.178,8.904,AAAA
1825418588978011648,293.4333540169638,19.37982880579943,13.303019,14.792027,12.107847,0.1616858655033355,12.489776,1.0937942,19334401+1922475,10.196,9.607,9.074,AAA,J193344.00+192247.4,8.248,7.586,AAAA
1980522738604744704,327.5232259982074,50.70684910242966,12.255256,12.648508,11.687359,0.1244199585009909,7.919342,1.3629425,21500557+5042247,10.723,10.313,9.602,AAA,J215005.57+504224.6,9.364,8.989,AAAB
2006109684151966720,334.10010485662474,55.62686696298145,11.388638,11.5618,11.042089,0.2147812832376318,12.386598,0.9643017,22162403+5537367,10.486,10.316,10.044,AAA,J221624.02+553736.7,9.58,9.259,AAAA
2006219978921880192,334.6899963002954,56.1260708685837,8.818601,9.065335,8.374499,0.2022434610339592,14.418169,0.99077433,22184560+5607338,7.781,7.599,7.413,AAA,J221845.60+560733.9,7.007,6.797,AAAA
2006888825592397440,339.2247839218438,56.90581642753408,8.7497225,8.986839,8.249526,0.3483052202515175,23.993258,0.9018396,22365395+5654208,7.482,7.34,7.161,AAA,J223653.95+565420.9,6.791,6.459,AAAA
2007494038022005248,336.82421762200454,56.25325737804575,10.66729,11.016404,10.126584,0.1942056039007232,15.431475,0.9451374,22271782+5615117,9.301,9.007,8.287,AAA,J222717.81+561511.6,8.014,7.644,AAAA
2012912500041834752,355.87746158072054,61.93003427538147,10.710156,11.392851,9.87553,0.1957425351430906,15.215988,1.0883696,23433059+6155484,8.638,8.201,7.811,AAA,J234330.59+615548.1,7.258,6.941,AAAA
2013906561629759232,348.8022420423532,60.45026640885793,10.346903,10.411214,9.314268,0.3227282006238041,16.098803,1.4525771,23151249+6027012,8.218,7.94,7.727,AAA,J231512.51+602701.1,7.16,7.082,AAAA
2014674226896884864,345.042165380094,60.92732849599478,10.305713,11.08597,9.399571,0.2749342402442073,21.969778,1.1674427,23001010+6055385,7.938,7.443,7.03,AAA,J230010.12+605538.4,6.526,6.062,AAAA
2022054350800575488,294.98414074982645,26.578447709532604,12.408564,12.930351,11.722542,0.0538826493892363,5.120968,0.88350195,19395620+2634424,10.703,10.397,10.09,AAA,J193956.19+263442.3,9.697,9.431,AAAC
2028294667765054464,296.56639736223417,28.27193960409475,10.023361,10.215743,9.653666,0.2138933041543954,16.037745,0.8710271,19461593+2816191,9.182,9.015,8.761,AAA,J194615.93+281619.0,8.435,8.176,AAAA
2030934212864924032,299.8024541338291,31.452480686849096,11.228698,12.333166,10.170941,-0.3939257595135974,-4.9288306,4.469851,19591258+3127090,8.454,7.866,7.446,AAA,J195912.59+312709.0,6.916,6.593,AAAA
2034096172116995712,300.4155298721039,32.571635648421584,12.116094,12.740836,11.327366,0.2179713154671673,16.935217,1.2009181,20013973+3234180,10.178,9.755,9.046,AAA,J200139.73+323417.9,8.729,8.377,AAAA
2034210349533480192,300.0796614749148,33.26417259857946,11.512269,12.2115135,10.678386,0.0761836171067438,5.5893016,0.98649234,20001912+3315511,9.516,9.148,8.855,AAA,J200019.12+331551.0,8.473,8.208,AAAA
2057966393428544128,305.43474692845734,37.375123054329705,12.216424,13.21369,11.231692,0.5961271073603426,46.446327,1.2073605,20214434+3722306,9.538,8.889,8.596,AAA,J202144.34+372230.5,7.699,7.269,AAAA
2058985262750809088,302.9730164376412,36.19734137186018,7.8930807,8.013121,7.6282215,0.4126180759260592,19.908274,1.0620645,20115352+3611505,7.232,7.113,6.663,AAA,J201153.52+361150.4,6.409,5.952,AAAA
2060661846184974464,304.25009548375414,37.42324941525781,7.930354,8.09597,7.4934735,0.4492102687197519,20.083118,0.9883466,20170002+3725238,6.965,6.796,6.581,AAA,J201700.03+372523.6,6.179,5.854,AAAA
2062560122958679936,304.28380342182226,41.12414291475246,13.792906,15.446307,12.546826,0.0892672696807511,6.7967615,1.0133911,20170811+4107270,10.152,9.265,8.649,AAA,J201708.11+410726.9,7.934,7.387,AAAA
2064136925704910080,307.0944148087011,38.621916768850944,10.795362,11.618993,9.89293,0.5277390133403429,18.402842,1.8601183,20282266+3837188,8.579,8.102,7.458,AAA,J202822.66+383718.9,6.458,6.004,AAAA
2067824545964503168,308.01256818813323,41.25567519278738,12.850557,14.315501,11.658707,0.5264996666276697,25.083055,1.3704264,20320302+4115205,9.407,8.593,7.71,AAA,J203203.02+411520.5,7.292,6.884,AAAA
2068434332539101056,306.02577183876394,41.42604464250172,13.753464,16.196041,12.292465,0.5742728523607628,16.042158,1.0847979,20240619+4125339,9.273,8.092,7.122,AAA,J202406.18+412533.7,6.505,5.921,AAAA
2069091531258827648,307.0606305532979,43.657061947348566,12.767507,14.709081,11.456853,0.5604212220443966,27.586105,1.0544622,20281455+4339257,8.769,7.861,7.191,AAA,J202814.55+433925.4,6.444,5.938,AAAA
2069445505277962624,309.5955170842449,42.46759402372271,17.616987,20.886963,16.018063,0.0351556401582678,0.3551965,1.054991,20382292+4228034,12.03,10.505,9.557,AAA,J203822.92+422803.3,8.653,8.133,AAAB
2070186369963278080,310.901983173274,44.91810023539992,10.347055,11.13466,9.450052,0.2706507852861219,17.704681,1.4300065,20433647+4455052,8.144,7.711,7.461,AAA,J204336.46+445505.3,7.053,7.009,AAAA
2163819130932894464,314.42061379414463,46.995831882547925,15.444856,16.869488,14.270018,0.0993421266852538,4.2421117,1.0355258,20574095+4659450,12.257,11.567,10.991,AAA,J205740.94+465945.0,10.278,9.878,AAAB
2165537770680635904,316.79870129068445,48.42672229826282,13.353935,14.34358,12.340921,0.1528576338872369,12.622036,1.0423251,21071169+4825361,10.615,10.057,9.609,AAA,J210711.68+482536.2,9.076,8.681,AAAA
2172742767287991296,321.83845711924994,52.53474528023911,15.2076,16.756466,13.978083,0.1259358638562479,4.9735837,1.1447989,21272123+5232051,11.742,10.945,10.019,AAA,J212721.22+523205.1,9.566,9.133,AAAA
2175877200059926784,319.94758672129973,53.37361154618956,15.767143,17.434893,14.507109,0.113887977120398,4.021397,1.072583,21194741+5322249,12.081,11.161,10.559,AAA,J211947.42+532225.0,9.756,9.31,AAAB
2182307453299864064,310.33974445641934,52.587524886955634,10.142819,10.497389,9.587643,0.102216643682105,8.951135,0.90067565,20412154+5235151,8.759,8.533,8.318,AAA,J204121.54+523515.1,8.086,7.843,AAAA
2198726735325037440,332.3893194191437,57.74180577648102,11.705532,12.274222,10.940134,0.1208584386840424,4.14071,1.956826,22093343+5744305,9.76,9.364,9.008,AAA,J220933.43+574430.5,8.553,8.219,AAAA
2203006756130126336,332.4587850436285,60.37602494763916,15.201114,15.931634,14.335341,0.0838097931010315,3.720413,0.9988402,22095010+6022337,13.145,12.719,12.46,AAA,J220950.09+602233.5,12.03,11.771,AABU
3032940844556081408,109.62136332589806,-13.21707387972392,11.175659,11.428406,10.701514,0.2096086167298388,7.8100376,1.4634669,07182912-1313015,9.97,9.674,9.271,AAA,J071829.12-131301.4,8.643,8.27,AAAA
4044123789831722240,269.8983241090292,-30.85901998085593,15.361702,16.038551,14.437047,-0.0048318130235632,-0.12910213,0.95989877,17593560-3051322,13.716,13.275,12.833,AAA,J175935.59-305132.7,11.777,11.693,AABU
4053667756967584128,264.22342888476703,-34.04355566007659,10.395141,11.033952,9.601456,0.4026851221584275,26.46339,0.8340518,17365361-3402367,8.502,8.215,8.009,AAA,J173653.61-340236.7,7.662,7.512,AAAA
4053745100746865152,264.3072648826885,-33.465565467865865,10.887365,12.000063,9.828931,0.4273594433604897,20.222809,0.76044685,17371374-3327559,8.091,7.548,7.045,AAA,J173713.75-332756.0,5.931,5.657,AAAA
4054149755376098176,265.5406680166429,-32.556903831952226,11.747392,12.872486,10.675444,0.3706932593196129,14.545689,1.1821276,17420977-3233246,8.846,8.272,7.715,AAA,J174209.75-323324.8,6.936,6.606,AAAA
4054404631566479616,263.4220200326472,-33.66345851497681,10.835828,11.824319,9.844907,0.2718050776169599,14.841486,1.0802852,17334128-3339482,8.463,8.095,7.835,AAA,J173341.28-333948.2,7.434,7.357,AAAA
4055791772870099584,266.2875214175396,-31.83774229081659,13.165448,15.027873,11.832849,0.320534130408841,12.472874,0.9539775,17450900-3150158,9.623,8.779,7.886,AAA,J174509.00-315015.9,6.905,6.647,AAAA
4061565338478409088,262.7366546072426,-26.986382667979136,17.557905,18.784569,16.403152,0.1517026890836565,1.3607228,1.0241132,17305680-2659110,13.883,13.221,12.717,AAA,J173056.79-265910.9,12.85,13.077,AAAA
4067776552713332096,268.8341917399093,-24.12733479101409,16.100586,18.523708,14.688568,0.1928448355553886,3.1374478,0.92139727,17552021-2407384,11.844,10.948,10.318,AAA,J175520.21-240738.2,9.574,9.29,AAAC
4069477595953048448,270.14303985792145,-22.79442925328832,12.5982895,14.513636,11.301308,0.3036621261429299,9.564424,0.9682615,18003433-2247399,8.831,8.102,7.573,AAA,J180034.33-224739.8,6.912,6.704,AAAA
4069585661644839808,271.35722341775084,-23.005659138983948,9.449925,10.039536,8.68385,0.2824371302636134,19.763096,0.87100226,18052573-2300203,7.665,7.341,7.104,AAA,J180525.73-230020.3,6.636,6.531,AAAA
4069701935004293632,271.29787058581803,-22.223519216937024,14.443074,15.93176,13.22844,0.256883239512516,6.1496406,1.3860666,18051148-2213245,11.169,10.306,9.384,AAA,J180511.48-221324.4,8.979,8.616,AAAA
4069857447172870400,270.8681788050855,-22.383060767642174,14.429186,16.657637,13.072273,0.1993688692389091,6.658068,0.9686316,18032836-2222590,10.474,9.6,9.018,AAA,J180328.36-222258.9,8.395,8.079,AAAU
4069911426323829888,271.1920698221812,-21.85755191848816,12.350345,13.618989,11.221024,0.5404411585650587,5.998804,4.1439586,18044609-2151271,9.375,8.692,8.192,AAA,J180446.09-215127.1,7.465,7.149,AAAU
4070776913789160576,269.832743455428,-21.36659150783115,14.596338,16.531832,13.2768135,0.1242121702727347,4.3796253,1.0604678,17591985-2121596,11.061,10.083,9.025,AAA,J175919.86-212159.5,8.009,7.456,AAAB
4094055597844775040,272.11862267349244,-21.253113045807307,7.5024023,7.491942,7.5347667,0.7240495908172593,16.937695,0.9960324,18082846-2115113,7.277,7.143,6.51,AAA,J180828.46-211511.1,6.255,5.918,AAAA
4094266669719378560,272.4377419750314,-20.286224900335224,18.678558,21.243225,16.997782,0.896901239181255,2.5581598,1.1469349,18094505-2017103,12.583,11.058,10.135,AAA,J180945.05-201710.3,9.286,8.825,AABC
4094631265217282176,273.5540531919601,-19.76723636706541,13.735681,15.6810255,12.42466,0.1704953401793989,6.4213753,1.1179752,18141297-1946019,9.898,9.019,8.446,AAA,J181412.97-194601.9,7.748,7.292,AAAA
4095729947892337408,273.3091600355088,-17.89541116050453,14.461321,17.379345,12.965367,0.2597863432378839,5.2194934,0.94465125,18131420-1753434,9.619,8.597,7.937,AAA,J181314.20-175343.4,7.248,6.841,AAAB
4097435741411560704,273.4269766067396,-17.47007410649542,16.939264,21.699724,15.166284,0.0966089772525756,0.47923112,1.664637,18134247-1728122,11.206,9.7,8.569,AAA,J181342.47-172812.2,7.634,7.092,AAAC
4098014389460991872,274.8424472667232,-16.053460267567505,12.981589,14.841048,11.647438,0.1041169248370108,3.1276395,1.0835873,18192219-1603123,9.088,8.3,7.761,AAA,J181922.19-160312.5,7.142,6.825,AAAU
4104216429639420032,276.3750618396206,-14.64472177854447,11.103569,11.972792,9.859586,0.5779721545038206,1.2640824,21.453562,18253002-1438409,7.992,7.416,6.945,AAA,J182530.01-143840.9,6.543,6.15,AAAA
4152476297066998784,276.47119980481835,-13.47564771888612,13.914737,15.750139,12.630209,0.2814935675198631,12.053063,1.1962436,18255309-1328324,10.317,9.521,8.962,AAA,J182553.08-132832.3,8.185,7.828,AAAA
4152555461890047744,275.7642899319429,-13.16680190803809,14.519843,16.377367,13.162087,0.4481233904260875,10.831329,1.0120119,18230342-1310003,10.34,9.283,8.266,AAA,J182303.42-131000.3,7.818,7.324,AAAA
4152582537378774656,276.4734077764661,-12.834217686595576,17.196255,20.189877,15.53908,0.100389811289205,0.5100082,1.3383716,18255361-1250031,11.529,10.126,9.281,AAA,J182553.62-125003.1,8.503,8.023,AABU
4154990742729141376,277.7216696879163,-10.326997477454524,14.106793,15.998708,12.817898,0.1792901910629734,6.9192963,1.0605506,18305320-1019370,10.676,9.908,9.429,AAA,J183053.19-101937.2,8.743,8.521,AABU
4155241083467432960,279.82459252634817,-10.091939605808204,11.563539,12.266221,10.735898,0.2097852340290396,13.573572,0.721047,18391789-1005309,9.5,8.43,7.265,AAA,J183917.89-100530.9,6.141,5.367,AAAA
4155352413393546112,280.1468166445545,-9.694313560490416,15.755999,17.173235,14.566949,0.0449887179137818,1.1255407,0.98642397,18403523-0941395,12.603,11.937,11.438,AAA,J184035.24-094139.4,10.666,10.431,AAAB
4155804072101352704,277.0253942381165,-10.083749952811614,14.662259,17.200598,13.22084,0.1790646914253925,4.1572,0.9099981,18280609-1005014,10.363,9.358,8.58,AAA,J182806.09-100501.5,8.056,7.553,AAAA
4156266554151949312,278.4484667100697,-9.385521587605815,18.583576,21.806215,16.79049,0.1904146387522174,0.6339512,1.3219653,18334763-0923077,12.18,10.523,9.36,AAA,J183347.63-092307.7,8.661,8.077,AABU
4252915412949859072,279.0695150888552,-7.083167445886295,17.883615,21.52312,16.096018,0.0861920770854239,0.37459838,1.4034429,18361669-0704595,10.569,8.664,7.584,AAA,J183616.66-070459.4,5.948,6.362,AAAU
4253040688579755776,279.23136455051514,-6.517262171740771,17.500547,20.54474,15.64167,0.2054009036459873,0.56627864,2.27556,18365553-0631022,12.035,10.809,10.02,AAA,J183655.56-063102.2,9.233,8.899,AABU
4255995179389985664,277.7604729156308,-6.5971298558162434,12.435968,13.591032,11.371271,0.1646879987133876,7.258877,1.1838701,18310251-0635497,9.668,8.493,7.355,AAA,J183102.51-063549.6,6.164,5.435,AAAA
4256082556192380672,279.4645478364814,-6.144941142827952,19.240927,21.92772,17.35254,-0.9748935982273882,-2.4497004,1.1621654,18375149-0608417,12.728,10.737,9.305,AAA,J183751.50-060841.6,7.989,7.214,AAAU
4256472195660012416,279.89408891580234,-5.739745485166276,17.54033,21.73298,15.793758,0.1707316553454434,1.000978,1.1448593,18393458-0544230,11.827,10.488,9.556,AAA,J183934.55-054423.3,8.763,8.329,AAAA
4256582765305121536,280.062376202383,-5.05559266107977,12.7580185,14.47128,11.436686,0.2114045677488673,3.3003435,3.1812773,18401496-0503199,9.252,8.655,8.261,AAA,J184014.97-050320.0,7.888,7.7,AAAU
4256626608314233344,280.3919735347583,-5.067040203606181,15.07675,18.2331,13.548855,-0.0929740402384065,-0.90590376,1.5803345,18413407-0504012,10.224,9.209,8.513,AAA,J184134.07-050401.2,7.77,7.363,AAAA
4256685947587790336,280.2945752983846,-4.857521949012711,15.23321,17.84844,13.81471,0.0670258130001078,1.3656073,1.0005722,18411070-0451270,11.05,10.17,9.445,AAA,J184110.70-045127.0,8.687,8.223,AAAB
4256734875858811904,280.25360989941083,-4.437367920542549,11.229914,12.042062,10.262982,0.3245647325012666,6.0035086,2.0028594,18410086-0426145,8.899,8.406,8.007,AAA,J184100.86-042614.2,7.523,7.221,AAAB
4256868152952578304,279.28102402160334,-4.430228380982672,14.879642,16.508734,13.654533,0.1279308846445799,4.6209865,1.0227022,18370745-0425488,11.599,10.953,10.402,AAA,J183707.43-042548.8,9.823,9.504,AAAB
4258461620173469440,280.53445564201724,-3.850827082736148,18.233461,22.97649,16.529106,-0.4224826469627701,-1.3689399,1.2637959,18420827-0351029,11.845,10.26,9.267,AAA,J184208.27-035102.9,8.476,7.845,AAAA
4258461791972163840,280.535288302488,-3.82647107641276,18.208132,22.259691,16.528141,-0.2009238819971059,-0.6471439,1.3944886,18420846-0349352,12.394,10.828,9.746,AAA,J184208.46-034935.2,8.683,8.175,AABA
4258531164287499648,280.0360605749804,-3.4919966940181637,15.840653,18.285892,14.418847,-0.0024496990238906,-0.02536846,1.0279422,18400865-0329311,11.766,10.864,10.295,AAA,J184008.65-032931.2,9.599,9.205,AAAB
4258703207808502144,280.99180887482606,-2.754814840056318,14.098883,16.44131,12.713459,0.2230145110558229,6.1091905,1.1367376,18435803-0245172,10.002,9.158,8.533,AAA,J184358.03-024517.1,8.0,7.616,AAAA
4259258010195996416,282.7948481544812,-1.5009756646274517,13.947558,15.662726,12.700442,0.2083997996440626,11.24141,1.1537216,18511076-0130034,10.421,9.755,9.341,AAA,J185110.76-013003.4,8.849,8.571,AAAB
4259329787695623936,280.27838070840346,-2.9336853701178227,18.701036,21.145042,16.841331,-0.1388436423440688,-0.4805438,1.0568898,18410681-0256011,12.921,11.244,10.537,AAA,J184106.81-025601.3,10.057,10.13,AABU
426378793809476096,16.345931911540628,60.42191056311247,11.040009,11.183511,10.62924,0.2482841965850429,0.8683027,10.844551,01052303+6025188,10.036,9.783,9.445,AAA,J010523.02+602518.9,8.848,8.467,AAAA
4265816429591726848,285.0660965444057,0.0881267663651624,14.87681,15.942983,13.816995,0.1028419973042694,3.6396422,1.1691368,19001586+0005173,12.175,11.297,10.299,AAA,J190015.86+000517.2,9.339,8.786,AAAB
4266994758119500160,283.5130029715541,1.4140985538483355,19.448036,21.580044,17.686983,0.0203244427092966,0.045303848,1.0946069,18540312+0124508,12.806,11.059,9.99,AAA,J185403.12+012450.8,9.033,8.552,AABU
4270060750589532288,276.7928881531724,-2.955505483642391,15.230827,17.329758,13.89411,0.1162674965681566,2.5797703,1.0837095,18271030-0257196,11.402,10.361,9.277,AAA,J182710.29-025719.7,8.048,7.366,AAAA
4280987899006804480,283.33145691017165,3.547906633800386,13.683825,15.680535,12.366852,0.24167282826499,7.8381147,1.3229109,18531954+0332524,9.984,9.201,8.596,AAA,J185319.54+033252.5,8.053,7.581,AAAA
4307367180121252864,287.074886482453,8.48625587659873,15.553277,18.694485,14.014058,0.1429919293876605,1.3288447,1.427798,19081797+0829105,10.592,9.47,8.707,AAA,J190817.97+082910.4,7.944,7.495,AAAA
4309176976263877888,287.15870677976505,9.472480158791829,18.21565,21.62742,16.530079,-0.6098965229226896,-3.2010872,1.3490658,19083809+0928210,12.221,10.81,9.936,AAA,J190838.09+092820.9,9.232,8.748,AAAB
4310524771369393536,285.5904168313854,8.785895312467563,15.972586,17.793709,14.661447,0.1399722186207999,2.923798,1.1029205,19022170+0847092,12.53,11.763,10.924,AAA,J190221.71+084709.4,10.378,10.005,AAAC
4315954572104614400,290.01027145249554,12.138956650638606,20.008219,21.246159,18.34749,-0.56363711014467,-1.0721225,1.079894,19200246+1208202,14.652,13.293,12.076,AAA,J192002.47+120820.3,11.651,11.222,AAUU
4319236236367451264,289.07659269876683,12.780360226228094,17.758121,21.04719,16.151255,-0.1163923339816902,-0.7692143,1.1268023,19161838+1246493,12.955,11.816,10.766,AAA,J191618.37+124649.3,10.195,9.752,AAAU
4319831724985219456,290.7268827531566,14.191088059245695,18.44507,21.760216,16.771406,-0.3625947390716197,-1.3754219,1.3326042,19225446+1411280,12.829,11.021,9.583,AAA,J192254.45+141127.8,8.129,7.422,AAAA
4321618083470555264,291.8249194316059,16.09013868475953,19.264263,21.322783,17.527206,0.4094341018036578,1.2460183,1.1695063,19271798+1605245,13.012,11.089,9.641,AAA,J192717.98+160524.5,8.401,7.696,AAAB
4322765389497405952,291.19546027296906,17.240280440253834,18.513441,21.968153,16.774057,0.1679185464811159,0.9218224,1.1617012,19244691+1714251,12.654,11.186,10.251,AAA,J192446.91+171425.0,9.244,8.724,AAAA
4323004979954775552,292.52210578218944,17.766948057170588,19.14422,21.818666,17.414633,-1.3814343342594044,-4.0787005,1.1267045,19300530+1746010,12.713,11.067,10.117,AAA,J193005.31+174601.1,9.185,8.682,AAAA
4323329438956658432,292.55649874822103,18.533991985926967,12.785782,15.077657,11.407854,-0.1962482262204128,-1.491236,3.7352731,19301355+1832024,8.646,7.835,7.332,AAA,J193013.54+183202.3,5.858,6.288,AAAA
4323332329499518848,292.661813024306,18.65270181050873,12.40503,14.712378,11.028112,0.1360326535755249,4.2815228,0.93520766,19303883+1839098,8.205,7.275,6.598,AAA,J193038.84+183909.7,5.963,5.242,AAAA
4513494205567536512,287.878633796116,16.860586165421775,10.608558,11.318245,9.770558,0.1567520122144171,11.221396,1.0272058,19113087+1651382,8.578,8.179,7.732,AAA,J191130.87+165138.1,7.063,6.601,AAAA
460606178458202496,43.04858829810614,56.935310046496014,10.067797,10.441797,9.511998,0.3269506629570377,17.073017,1.2786747,02521165+5656071,8.626,8.336,7.653,AAA,J025211.65+565607.1,7.395,7.024,AAAA
508955656105078912,24.731745496484145,58.1562913904939,10.576855,10.614077,10.436784,0.4376314414699801,23.748156,0.9574325,01385562+5809227,10.237,10.134,10.009,AAA,J013855.62+580922.6,9.652,9.389,AAAB
512856654641310976,25.137346184364024,63.70637998482827,13.871957,14.757582,12.917831,0.1306618855541549,9.42187,1.0613354,01403295+6342229,11.559,11.059,10.619,AAA,J014032.96+634223.0,10.066,9.701,AAAB
524101256981955200,10.868291555885522,64.75982595095708,9.804916,10.214731,9.175707,0.3091545176601329,22.257242,1.0579523,00432841+6445355,8.206,7.857,7.48,AAA,J004328.40+644535.3,6.835,6.409,AAAA
5241922754918453760,162.7749521610793,-62.28378360960554,11.143689,11.396159,10.71957,0.1355930482766008,9.820041,0.8383402,10510600-6217016,10.055,9.763,9.21,AAA,J105106.00-621701.6,8.901,8.556,AAAA
5255494370519800832,154.82663251359682,-59.16078025370912,13.534856,14.334154,12.621537,0.1218881141267673,10.074285,1.0901003,10191840-5909388,11.0,10.432,9.927,AAA,J101918.39-590938.8,9.464,9.082,AAAA
5255569549619300096,156.63082614050697,-58.64059162378812,9.497594,9.77383,9.020456,0.2995198612875843,27.004498,0.82842577,10263140-5838260,8.414,8.217,8.033,AAA,J102631.39-583826.1,7.631,7.439,AAAA
5255667681036173568,155.8478273998766,-58.00578179784997,11.858233,12.83282,10.860474,0.1862128619824005,16.215965,0.89844644,10232349-5800208,9.28,8.734,8.385,AAA,J102323.49-580020.8,7.956,7.765,AAAU
5258557987863082624,154.52073771594326,-58.27394263556159,12.381878,13.325118,11.39517,0.2158588943020578,16.833555,1.2017404,10180498-5816263,9.751,9.134,8.53,AAA,J101804.98-581626.1,8.203,7.695,AAAA
5258563412384119168,154.72241607807152,-58.13136652706767,12.804586,14.421255,11.5564,0.1682684985040808,8.240224,1.2095029,10185339-5807528,9.075,8.132,7.499,AAA,J101853.39-580752.8,6.85,6.422,AAAU
5258583929469166720,154.2594257575637,-57.91300479376699,10.344335,10.819028,9.651837,0.3040929107186036,27.630505,0.82368135,10170228-5754469,8.566,8.205,7.676,AAA,J101702.26-575446.8,6.955,6.607,AAAA
5258739853951492352,154.10920306125195,-57.468257690293,17.009336,20.11592,15.454089,0.0132268751203226,0.14190169,1.0442679,10162622-5728057,11.733,10.38,9.526,AAA,J101626.21-572805.7,8.647,8.16,AAAU
5307761476805186816,147.25632959658503,-55.47583821859494,14.451448,15.510719,13.367905,-0.1544753180148362,-2.29788,3.8625078,09490152-5528330,11.561,10.94,10.103,AAA,J094901.50-552832.9,9.826,9.419,AAAC
5325632526471160832,138.29899871077163,-50.10707212111883,10.157862,10.925758,9.274086,0.3884357603720466,26.320465,1.3288642,09131176-5006254,7.846,7.338,6.596,AAA,J091311.76-500625.4,6.17,5.742,AAAA
5329864237502044160,131.19702317414482,-45.982043599594114,10.372577,10.832049,9.686457,0.1756087201245175,13.599161,0.9146475,08444729-4558554,8.616,8.26,7.869,AAA,J084447.28-455855.3,7.28,6.949,AAAA
5331491785272445952,132.4706423424002,-45.17332435227913,12.37661,13.102558,11.519347,0.2344271994245552,18.58121,1.2324564,08495295-4510240,10.135,9.635,8.864,AAA,J084952.95-451024.0,8.555,8.163,AAAA
5333338247595163136,175.65684655336725,-62.68867899137722,15.542231,17.553608,14.198484,0.0953040348743203,3.5442998,0.91892797,11423766-6241193,11.496,10.54,9.813,AAA,J114237.65-624119.3,9.187,8.663,AAAA
5334118346751491200,174.52117785678524,-62.26719019821033,13.22228,14.140424,12.238601,0.222583954455264,16.224325,1.3441292,11380509-6216018,10.598,9.992,9.195,AAA,J113805.08-621602.0,8.865,8.476,AAAB
5334571178097948672,179.01974391474374,-62.73475981823125,13.981825,14.92216,12.9964485,0.1414912527309568,8.639607,1.0123304,11560475-6244051,11.354,10.789,10.322,AAA,J115604.73-624405.0,9.647,9.312,AAAB
5334571281177102080,178.96706065552257,-62.75063838356737,15.50821,17.217098,14.223917,0.0689246229320167,2.2986917,1.0741212,11555211-6245022,11.647,10.761,10.136,AAA,J115552.11-624502.3,9.337,8.917,AAAB
5334802831445943680,177.1917449257025,-62.384065114981865,15.060673,16.579512,13.837975,0.0558240933198848,2.2655241,1.1539752,11484602-6223027,11.45,10.609,9.918,AAA,J114846.02-622302.6,9.116,8.669,AAAA
5334962226271784704,176.57557555705125,-61.41153344307264,15.117532,16.388508,13.959651,0.1002661654614439,2.0451634,2.2702744,11461815-6124415,11.904,11.236,10.734,AAA,J114618.15-612441.5,10.15,9.782,AAAA
5336895957960832000,168.26502408656123,-62.2384474501164,14.792788,16.277174,13.589808,0.1021438716498169,5.2237034,1.0865887,11130361-6214183,11.349,10.521,9.9,AAA,J111303.62-621418.4,9.105,8.653,AAAA
5337185679290680320,166.3078686648238,-61.34476231442442,14.118623,15.257557,13.027935,0.1037590306285619,7.2082763,1.0931687,11051390-6120411,11.027,10.339,9.672,AAA,J110513.89-612041.1,8.915,8.462,AAAU
5337240002035340288,168.0655401538216,-61.08465794157948,15.257169,16.59185,14.104915,0.1093064562341754,4.244674,1.0527045,11121573-6105047,12.083,11.312,10.814,AAA,J111215.73-610504.7,10.221,9.84,AAAU
5337255429559053824,167.51693980324535,-60.97915172241434,7.931668,7.974803,7.7819567,0.4269635914373229,18.57672,0.8535348,11100408-6058449,7.589,7.519,7.084,AAA,J111004.06-605844.9,6.861,6.536,AAAA
5337259484009055616,166.97524523235143,-61.46132476476477,13.778546,14.482158,12.926685,0.1252846025055599,7.3885126,1.2922088,11075406-6127408,11.525,10.983,10.12,AAA,J110754.05-612740.9,9.807,9.425,AAAA
5337353732769778176,169.67953510979166,-61.4432888115971,15.176208,16.40957,14.061355,0.1214601496192557,5.7453823,0.9752416,11184309-6126358,12.068,11.341,10.819,AAA,J111843.09-612635.8,10.06,9.779,AAAA
5337420974779493248,168.68958698086757,-61.25007414127865,13.426135,14.748244,12.27494,0.1053126152321951,6.6994753,1.3470986,11144550-6115001,10.177,9.466,9.037,AAA,J111445.53-611500.4,8.771,8.645,AAAX
5337421730693859840,168.66094741989738,-61.18785363500972,13.637642,14.964399,12.415052,0.1096359849535371,2.5617838,4.1133356,11143864-6111163,10.2,9.518,8.909,AAA,J111438.57-611115.8,8.292,8.033,AABZ
5337456262235600512,168.81398910739418,-60.854917026370565,12.246336,13.151239,11.288557,0.1260525645940053,12.656815,0.97187036,11151536-6051176,9.853,9.392,9.121,AAA,J111515.36-605117.7,8.912,8.794,AAAU
5337612324165433472,168.50611843084306,-61.06324289848267,14.452949,15.805422,13.298084,0.0969969649532856,5.311931,1.1790221,11140147-6103477,11.149,10.468,9.899,AAA,J111401.47-610347.6,9.319,8.941,AAAU
5337916682731668992,165.02685304478567,-61.44168946182529,13.649047,14.3879175,12.73406,0.0968577525689598,6.08499,1.2208992,11000645-6126300,11.204,10.586,10.036,AAA,J110006.44-612630.0,9.365,8.956,AABA
5337926269099549056,165.0910094090545,-61.23121593660222,13.118345,13.861679,12.2287,0.0886624857139524,7.9708195,0.9987825,11002186-6113523,10.701,10.087,9.616,AAA,J110021.86-611352.3,9.002,8.672,AABU
5337974815066189184,164.75328310382886,-61.147269711316994,11.936985,12.772894,11.001684,0.1056879450254404,10.517828,0.8882645,10590080-6108502,9.473,8.969,8.645,AAA,J105900.76-610850.3,8.247,8.079,AAAU
5338152837224212992,165.10135665629767,-59.99322359746449,12.869318,13.722048,11.930087,0.1431925267930417,11.160069,1.0977037,11002434-5959357,10.467,9.975,9.649,AAA,J110024.32-595935.5,9.195,8.939,AAAB
5338256844150504960,162.69283183166408,-60.47811020117575,11.909917,12.567914,11.094862,0.1256594353450242,12.465107,0.8678347,10504628-6028412,9.909,9.457,9.123,AAA,J105046.28-602841.2,8.796,8.55,AAAU
5338422591176599040,163.43669695147963,-59.51295631783847,10.42039,10.618641,9.857481,0.0408989554639597,0.59185934,3.0569456,10534480-5930466,9.172,8.962,8.688,AAA,J105344.82-593046.8,8.356,8.078,AAAA
5340433361753214336,165.00294925416577,-57.81644589242612,11.4672785,11.638011,11.168139,0.1007661578135716,5.4273953,0.9948153,11000072-5748592,10.62,10.348,9.693,AAA,J110000.72-574859.2,9.558,9.214,AAAB
5350458670093520640,162.2446327687372,-59.06035615500873,12.046984,12.847848,11.133367,0.137628495756337,12.806802,0.9478456,10485872-5903373,9.711,9.161,8.733,AAA,J104858.70-590337.2,8.198,7.909,AAAU
5350515505419614080,161.15850725452114,-58.807993688751935,12.804269,13.942357,11.715327,0.4143236534203747,26.859612,1.2436811,10443807-5848288,9.88,9.171,8.295,AAA,J104438.05-584828.7,7.906,7.495,AAAU
5350703315744983808,160.40962372813578,-58.77185131597718,8.878115,9.070601,8.517963,0.4230364737155525,29.72136,0.99060386,10413834-5846186,7.889,7.602,7.055,AAA,J104138.31-584618.7,6.789,6.399,AAAA
5351131506811580032,161.13377957035635,-57.83997756638208,13.160983,13.74073,12.415005,0.1111283279890912,6.4862857,1.6627238,10443211-5750238,10.838,10.272,9.675,AAA,J104432.12-575023.9,9.022,8.585,AAAA
5351703390282380800,156.4853928811986,-57.81207704106996,11.677124,12.866863,10.585621,0.2497342302480501,17.432684,0.9913668,10255650-5748435,8.808,8.2,7.833,AAA,J102556.50-574843.4,7.372,7.214,AAAA
5588584477463342592,116.45998496395438,-34.330124858876296,10.142432,10.706409,9.414267,0.2717012360223782,19.897974,1.1676553,07455041-3419483,8.452,8.11,7.545,AAA,J074550.39-341948.4,7.199,6.921,AAAA
5595121310305893760,116.24257735862656,-31.90819321041582,9.924923,10.248883,9.41237,0.2701341699970555,19.134985,1.173825,07445822-3154294,8.57,8.322,7.928,AAA,J074458.22-315429.5,7.484,7.187,AAAA
5617746515133032448,110.093183923291,-23.732361570769584,13.64244,14.276089,12.836024,0.0648395168308787,4.568519,1.0353959,07202236-2343564,11.651,11.251,10.881,AAA,J072022.36-234356.4,10.34,9.989,AAAB
5829299664809018880,240.9555440417312,-62.69336862323685,9.9238,9.974448,9.736613,0.2203094429080843,12.644679,0.91921395,16034933-6241359,9.48,9.306,9.088,AAA,J160349.33-624136.0,8.596,8.307,AAAA
5850593970891000576,205.81810835437912,-67.40140372416812,9.527805,9.587978,9.355399,0.3149238285289604,19.692928,0.9338767,13431636-6724048,9.088,8.752,8.01,AAA,J134316.35-672405.0,7.297,6.81,AAAA
5851583256480676864,207.2686426351877,-65.69893323580963,12.531686,12.842128,12.0171175,0.1225612828825579,11.084134,0.8191817,13490449-6541561,11.304,10.984,10.541,AAA,J134904.46-654156.1,9.885,9.539,AAAB
5858741184645789184,198.463728110186,-65.30247868766084,13.223188,13.630397,12.608176,0.0753930467958125,6.0999722,0.9350869,13135131-6518089,11.891,11.568,11.209,AAA,J131351.29-651808.9,10.514,10.24,AAAB
5861676086032316288,194.18962856304603,-64.7459407957458,14.639397,15.536686,13.676794,0.0558782014305649,2.8780694,0.980452,12564553-6444453,12.169,11.573,11.145,AAA,J125645.50-644445.3,10.467,10.134,AAAB
5862310195003201152,195.7960697933404,-63.7045456011694,18.229523,20.814013,16.42826,-0.2313629722935054,-0.83501977,2.481907,13031108-6342162,13.131,11.921,11.049,AAA,J130311.09-634216.5,10.357,10.037,AAAB
5862430969485396224,198.18887097625048,-63.09777707514263,19.395086,21.93462,17.700314,0.2076396380526352,0.691595,1.1654971,13124535-6305520,13.057,11.336,10.26,AAA,J131245.33-630551.9,9.305,8.765,AACU
5862501617432628608,198.1060715753061,-62.74494287686916,15.039383,18.254295,13.502635,0.2413277362115694,4.508026,1.0501658,13122546-6244417,9.809,8.477,7.649,AAA,J131225.46-624441.7,6.97,6.491,AAAA
5862503163620954752,198.08871244865333,-62.67013340742268,16.292429,18.919996,14.138557,-1.2371063183997772,-2.3109288,5.333962,13122130-6240125,10.752,9.571,8.773,AAA,J131221.28-624012.6,8.17,7.904,AAUU
5862512097153573120,197.5502563377736,-62.65183362692851,15.102818,17.276125,13.706079,0.2052990747636868,6.0414314,0.99104005,13101207-6239065,11.055,10.091,9.315,AAA,J131012.06-623906.5,8.708,8.227,AABB
5862643935490696960,191.46349005384147,-64.16056941499019,13.930864,15.458306,12.718223,0.0645530803273427,4.1927004,1.0033798,12455125-6409380,10.439,9.68,9.058,AAA,J124551.25-640938.0,8.399,7.851,AAAA
5862698361319773184,192.03167530746515,-63.64439166353671,14.193965,16.201029,12.863788,0.0118402704327427,0.56120545,1.0224684,12480762-6338397,10.288,9.436,8.837,AAA,J124807.62-633839.7,8.231,7.828,AAAA
5862754470762223488,193.93431439744995,-63.59723932808624,17.745888,20.902428,16.164843,0.2062376421759223,2.266307,0.91507393,12554426-6335500,12.483,11.12,10.22,AAA,J125544.26-633550.0,9.622,9.26,AABU
5862973720242127744,191.56720269710925,-62.95652373644762,16.461222,18.643902,15.080275,0.1598256551617228,2.936591,1.0322275,12461614-6257234,12.184,11.216,10.555,AAA,J124616.14-625723.5,9.845,9.452,AAAB
5864010933331665280,203.1822336000744,-65.02441614426957,12.335865,12.747328,11.70861,0.1623783486378516,14.952299,0.863425,13324375-6501278,10.851,10.48,10.094,AAA,J133243.75-650127.8,9.544,9.209,AAAB
5865360897441115904,203.3754258286447,-62.317011321736366,10.2331505,10.593786,9.656582,0.3164496641606595,20.464779,0.9640684,13333011-6219012,8.774,8.489,8.005,AAA,J133330.11-621901.2,7.672,7.352,AAAA
5865749780941355904,203.7579605677861,-61.97734813680388,13.271571,14.8523035,12.05676,0.2575641027350671,11.266493,1.7630105,13350193-6158384,10.005,9.309,8.76,AAA,J133501.89-615838.3,8.035,7.635,AAAA
5866435047236526848,210.63925708403457,-61.34094609553746,19.317846,21.978401,17.534702,0.0781723449093479,0.26202857,1.1975598,14023344-6120273,13.278,11.575,10.282,AAA,J140233.41-612027.3,9.286,8.665,AAAB
5866501365851281024,211.5150178114663,-60.45823011328763,14.590826,16.689531,13.229175,0.1870748736100548,6.510004,0.9310436,14060361-6027295,10.835,10.122,9.391,AAA,J140603.61-602729.6,9.003,8.676,AAAB
5866506721648610816,213.1522185813765,-61.7591253359906,20.277477,21.771996,18.297956,0.0768942752960315,0.08356941,1.6136076,14123654-6145326,13.58,11.332,9.713,AAA,J141236.53-614532.7,8.166,7.394,AAAA
5866654507192171904,215.1280687219721,-60.80617031909718,20.514473,21.717386,18.691967,1.0314913016997942,1.252359,1.219595,14203074-6048221,13.619,11.632,10.383,AAA,J142030.74-604822.2,9.264,8.616,AAAA
5866708280185028992,215.34638512146725,-60.30115150582683,16.918383,20.630194,15.329658,0.1704747184993299,1.4667512,1.1645705,14212314-6018041,11.68,10.425,9.619,AAA,J142123.13-601804.1,8.929,8.462,AAAA
5867123139651286528,208.95181676023464,-61.16346294507219,11.437988,12.479162,10.388837,0.2796529616692845,11.521706,1.4341173,13554846-6109484,8.913,8.369,7.697,AAA,J135548.43-610948.5,7.098,6.726,AAAA
5868410289859556480,202.06611304759045,-62.10654309227397,17.473118,20.645021,15.928733,-0.0676939746490997,-0.726489,1.0303227,13281587-6206235,12.525,11.4,10.683,AAA,J132815.86-620623.3,9.897,9.491,AAAB
5868477256969661824,199.59727216765648,-62.47256544080703,13.588581,14.578042,12.57965,0.2125856402680457,15.101646,0.99262553,13182335-6228211,10.896,10.328,9.888,AAA,J131823.34-622821.2,9.341,8.986,AAAB
5868490073153134592,199.5042801197145,-62.43465792904176,11.524111,12.098149,10.767497,0.2722257861456949,17.034637,1.0348219,13180103-6226047,9.753,9.384,8.811,AAA,J131801.03-622604.7,8.508,8.239,AAAA
5876692803522748928,229.58645114940697,-59.63816752197172,12.508653,13.484351,11.495204,0.1564735967907673,10.982916,1.0241531,15182075-5938173,9.898,9.385,8.749,AAA,J151820.75-593817.3,8.307,7.907,AAAA
5876711014185935232,228.740452484073,-59.841744710505296,11.140757,11.543457,10.093388,0.3913193631993594,1.4550242,13.429152,15145771-5950301,8.928,8.481,8.148,AAA,J151457.71-595030.2,7.712,7.344,AAAA
5876717993562192768,229.2466422555192,-59.610429388411056,15.980978,17.55343,14.732035,0.0993847946890831,2.3027744,1.1744909,15165920-5936374,12.717,12.0,11.291,AAA,J151659.24-593637.7,10.707,10.38,AABB
5876955556746594048,228.88591255013543,-59.04187404307218,11.188971,11.831887,10.353836,0.2900468393433369,13.649509,1.1094444,15153262-5902307,9.278,8.858,8.452,AAA,J151532.63-590230.7,7.886,7.556,AAAA
5877138831615057792,229.1539619045356,-58.166345270284,13.420536,15.1680765,12.146987,0.1874754563185691,4.5195737,2.5213888,15163696-5809587,9.862,9.176,8.82,AAA,J151636.94-580958.7,8.407,8.239,AAUU
5877142611191579904,228.91426510792337,-58.13781266490032,13.451188,15.533161,12.089715,0.3002260985100651,4.9954,0.89875,15153943-5808159,9.372,8.461,7.74,AAA,J151539.42-580816.0,7.069,6.633,AAAA
5877171164129749504,229.4428706163216,-57.94979777878176,15.443135,18.054201,13.648171,0.2632683167511088,2.8184383,1.3347329,15174630-5756592,10.343,9.261,8.46,AAA,J151746.29-575659.2,7.669,7.396,AAAA
5878338708038978304,218.1570385677184,-61.49837907558216,12.205279,13.215109,11.202055,0.2450921815382042,19.962183,0.8746026,14323770-6129541,9.793,9.363,9.063,AAA,J143237.69-612954.1,8.74,8.527,AAAB
5879035832756714112,221.72317209297785,-59.32731855147802,14.659251,18.859325,13.028572,0.1504583153528774,1.2148573,1.1332711,14465358-5919382,8.929,7.603,6.819,AAA,J144653.57-591938.2,6.026,5.626,AAAU
5879722512132456192,226.04648733061225,-58.456041387329854,17.094109,20.983294,15.387331,0.0183713433193108,0.10470178,1.6275631,15041116-5827217,11.347,10.01,9.096,AAA,J150411.13-582721.5,8.166,7.777,AAAA
5882956313277086336,230.81918041247596,-57.73885213003472,12.643208,14.126894,11.44103,0.3649593252861778,16.168596,1.111532,15231661-5744198,9.588,9.02,8.617,AAA,J152316.60-574419.8,8.029,7.769,AAAA
5883143260293256064,230.14963531890805,-57.45333406685967,20.65819,21.874342,18.83052,-0.9594663587614498,-0.72524524,1.0959679,15203591-5727119,13.883,12.146,11.057,AAA,J152035.91-572712.1,9.995,9.443,AAAB
5883566881502595968,234.4437656306877,-56.14597413918702,18.549458,21.698742,16.88562,0.0579211605913144,0.23141725,1.2785497,15374651-5608454,13.124,11.38,9.957,AAA,J153746.51-560845.4,8.554,7.858,AAAA
5933406236095064960,242.91359183197497,-52.09607871908078,14.239495,16.7279,12.821233,0.1369462122113747,3.9191947,0.93606013,16113927-5205458,10.161,9.251,8.464,AAA,J161139.26-520545.8,7.928,7.466,AAAA
5934577009808707200,246.6551097683713,-50.32305033752425,13.589657,15.423603,12.276728,0.1717634591337767,6.3297315,1.0699961,16263723-5019228,9.963,9.183,8.5,AAA,J162637.23-501922.9,7.807,7.415,AAAA
5940101437255609984,251.9418113969948,-45.98470049626529,16.844965,21.217539,15.175386,0.1640556335737993,1.1972024,1.458536,16474603-4559049,11.116,9.837,9.098,AAA,J164746.03-455904.9,8.575,8.233,AABB
5941555884987750144,247.07177533877584,-48.29466856548482,13.549913,15.644245,12.130233,0.28554586556397,9.15973,1.1592594,16281722-4817407,9.763,8.997,8.364,AAA,J162817.26-481741.1,7.547,7.246,AAAC
5942388180949371904,246.5839346324873,-45.99605515061673,15.222723,16.51493,14.090091,0.0532852161651819,1.7054266,1.0201584,16262015-4559457,12.027,10.732,9.459,AAA,J162620.15-455945.7,8.136,7.456,AAAA
5942844680092000256,249.3499255053535,-46.44132493227599,13.773248,15.789637,12.456736,0.1709636056985616,8.1374235,0.9083539,16372399-4626287,10.27,9.594,8.933,AAA,J163723.98-462628.8,8.35,7.902,AAAA
5942909761801240576,248.5726640224701,-46.14807056151594,14.230166,16.150944,12.922993,0.0936302030824568,4.1213384,0.9798236,16341745-4608530,10.677,9.883,9.118,AAA,J163417.45-460852.9,7.969,7.433,AAAA
5943179829303158656,251.0444938376108,-45.40684347632684,14.760683,17.734465,13.268752,0.1596405447216144,1.7517858,0.8695595,16441069-4524246,10.062,9.002,8.291,AAA,J164410.69-452424.5,7.539,7.034,AAAA
5943206251936707456,251.7225976130368,-45.59972944508089,16.108942,19.944006,14.502866,0.0921547836377922,0.7287746,1.2398223,16465342-4535590,10.751,9.525,8.729,AAA,J164653.42-453558.9,7.913,7.405,AAAB
5944311432943167744,248.51489685209157,-43.67358017442688,14.181843,15.337548,13.120281,0.0928067341287594,4.63353,1.0692478,16340358-4340248,11.625,11.123,10.522,AAA,J163403.58-434024.8,9.988,9.549,AAAB
5951318036426102656,257.7276072197437,-46.60017702329062,12.048135,12.583439,11.312214,0.1931241749920272,12.081227,1.1676632,17105462-4636005,10.264,9.889,9.528,AAA,J171054.62-463600.6,9.002,8.676,AAAB
5952632262112862080,261.3470103933588,-43.492072469961926,10.126102,10.347543,9.733815,0.1953157633457165,10.68132,0.93916976,17252327-4329314,9.503,9.222,8.822,AAA,J172523.28-432931.4,8.319,7.898,AAAA
5963218085100054656,255.66826050235792,-45.98764866149856,11.072141,12.294658,9.981694,0.3772805589478359,18.977156,0.8198436,17024037-4559154,8.294,7.756,7.116,AAA,J170240.37-455915.4,6.706,6.168,AAAA
5963639571706070400,256.0193088945688,-45.20419862614736,11.585159,12.273957,10.751688,0.2397932430710653,12.419244,1.130441,17040463-4512151,9.475,9.043,8.692,AAA,J170404.63-451214.9,8.258,7.895,AAAA
5964447648351695488,252.7401342221013,-43.674380110070736,15.247397,18.264486,13.739231,0.2335797339315042,4.200824,1.0388516,16505763-4340277,10.647,9.414,8.318,AAA,J165057.62-434027.7,7.082,6.392,AAAA
5964827495242056704,252.83053616015965,-43.44869719531623,19.959032,21.634338,18.142128,-1.0120011736958403,-1.5056754,1.2015512,16511932-4326552,13.562,11.934,10.946,AAA,J165119.33-432655.4,9.936,9.467,AAAU
5972068668365594880,258.145293438872,-40.62047032367301,18.330929,21.457071,16.68068,-0.7903746117355996,-3.4683986,0.9487882,17123487-4037135,12.661,11.218,10.409,AAA,J171234.87-403713.5,9.687,9.239,AABU
5972469577791009152,260.09175585015646,-38.946785607752695,13.2096615,14.974903,11.941104,0.2066988249011533,11.079247,0.9984354,17202202-3856483,9.532,8.765,8.199,AAA,J172022.02-385648.3,7.457,7.052,AABA
5972658869920060544,259.7203050631888,-38.83434739450424,10.880772,12.153443,9.7661705,0.2998664675613198,15.328999,0.8950844,17185287-3850035,7.981,7.452,7.085,AAA,J171852.87-385003.5,6.642,6.359,AAAA
5972660411778306304,259.75217292106646,-38.81424667214973,10.1126,11.229834,9.051291,0.2714837968642703,13.16949,0.9356859,17190052-3848513,7.385,6.963,6.578,AAA,J171900.53-384851.3,6.004,5.733,AAAB
5972994594597225216,256.8497699432042,-39.33179563459728,18.495493,21.757496,16.810064,0.0001190539019501,0.00055949634,1.0017183,17072395-3919543,12.494,11.124,10.259,AAA,J170723.96-391954.4,9.506,9.03,AAAB
5978784313590016512,259.70718993495046,-33.961486860335505,11.734806,12.823287,10.677207,0.3446577367195238,17.690418,0.9484246,17184971-3357413,9.033,8.564,8.052,AAA,J171849.71-335741.2,7.559,7.201,AAAA
5981436099432247808,240.10522840832735,-52.05823265665535,17.792835,21.268883,16.138645,-0.2337996306184369,-1.3853735,1.1010689,16002526-5203296,12.015,10.651,9.882,AAA,J160025.24-520329.5,8.877,8.391,AAAB
5981484198751444096,241.75607348674544,-51.97183467174194,18.672155,21.6247,16.976858,-0.2014611405963074,-0.70811415,1.1210921,16070146-5158184,12.565,11.137,10.271,AAA,J160701.46-515818.5,9.426,8.976,AAAB
5981624837477220992,239.98630057657903,-51.99165897108821,16.79187,20.686949,15.112214,-0.1384005623140485,-0.9541852,1.2387916,15595671-5159299,10.875,9.523,8.659,AAA,J155956.72-515929.9,7.724,7.226,AAAA
6053591923647688064,189.5781398507561,-63.40547181093206,17.833487,20.259842,16.163904,0.848443128910113,2.5729244,3.612318,12381878-6324197,12.928,11.758,10.964,AAA,J123818.75-632419.8,10.148,9.604,AAAB
6053731497237581568,187.1745795951736,-63.42947272150557,16.936295,19.121979,15.545306,0.0158434822947142,0.24046952,0.9887068,12284191-6325461,12.779,11.831,10.942,AAA,J122841.90-632546.0,10.381,9.98,AAAA
6053747229666708864,187.21239549552843,-63.28336584638412,18.00283,20.338867,16.559507,0.0824297834995698,0.7167403,1.0128232,12285099-6317002,13.561,12.552,11.837,AAA,J122850.99-631700.1,11.088,10.642,AABU
6053899825584290432,187.51606176719915,-62.83809419555597,17.814573,20.474987,16.306581,-0.1106670464656778,-0.92835295,1.1082364,12300386-6250171,13.159,12.049,11.087,AAA,J123003.87-625017.1,10.536,10.087,AAAA
6054132505411481984,183.25975602349808,-63.70705331270991,14.861817,15.868959,13.822272,0.0275276868678656,1.2575836,1.0581907,12130235-6342254,12.076,11.418,10.919,AAA,J121302.34-634225.3,10.334,9.991,AAAB
6054384023029223168,182.2186305441413,-62.84851266314684,19.445301,21.369541,17.608284,0.0535362815858868,0.16734686,1.144047,12085247-6250546,13.344,11.674,10.473,AAA,J120852.47-625054.6,9.796,9.222,AABU
6054388829058029312,182.97524914601337,-63.2843807393576,18.404125,19.580233,16.542751,0.2091015782593707,1.42063,1.0375926,12115407-6317037,13.438,12.05,11.536,AAA,J121154.02-631703.7,11.095,11.202,AABB
6054397075394503040,183.4115827321092,-63.14945957920773,14.59758,16.561857,13.2663,0.0629490950840567,2.5093045,1.0629245,12133878-6308580,10.56,9.644,9.032,AAA,J121338.79-630858.0,8.449,8.058,AAAA
6054457174893385728,182.7606039306776,-62.96323001986537,17.411972,20.4015,15.801644,-0.0459397767415961,-0.42361742,1.120045,12110256-6257476,12.017,10.702,9.845,AAA,J121102.55-625747.5,9.094,8.647,AAAU
6054468822847266048,183.36778694363352,-62.69528619206139,19.31427,21.794119,17.661722,0.086072200342944,0.2749337,1.0535903,12132829-6241429,14.052,12.666,11.533,AAA,J121328.27-624143.0,10.947,10.611,AAUU
6054478581036542720,182.5331151288375,-62.73872444069969,18.262966,21.466211,16.668282,0.0084517737426552,0.0556024,1.1050628,12100795-6244194,12.753,11.082,9.741,AAA,J121007.96-624419.4,8.776,8.132,AAAA
6055101523064612864,190.96243723578573,-63.08744951875382,10.294653,10.929686,9.493859,0.2638006071854761,15.828531,1.0779955,12435102-6305148,8.316,7.916,7.549,AAA,J124350.99-630514.7,7.114,6.768,AAAA
6057398432929770752,181.7352885601422,-62.6417752466548,15.0375395,16.590153,13.801076,0.0731606686640217,2.6037853,1.3905683,12065647-6238304,11.547,10.818,10.222,AAA,J120656.48-623830.3,9.358,9.06,AAAA
6057676201358478336,181.3279481465918,-62.05281501929893,10.728534,10.766579,10.572518,0.4235454373225628,26.703678,0.8233557,12051871-6203101,10.199,10.079,9.834,AAA,J120518.71-620310.0,9.579,9.287,AAAB
6062353145875545600,199.6166136756363,-58.13713256237296,9.057566,9.157928,8.897137,0.5014254454702882,28.753819,1.0458119,13182800-5808137,8.411,8.206,7.555,AAA,J131827.99-580813.6,7.408,7.047,AAAA
1825407490781545216,293.5434373108962,19.37054716669743,13.938767,15.405137,12.686972,0.2057957110980339,1.445526,9.596338,19341042+1922141,10.664,10.017,9.576,AAA,J193410.52+192213.7,8.097,8.02,AAAU
2032145466709678464,297.07608656660057,30.447939579367883,12.69563,13.16496,12.029373,0.1423260586142375,13.016135,0.9190932,19481826+3026526,11.083,10.72,10.404,AAA,J194818.24+302652.5,9.778,9.458,AAAB
2057563358004716928,305.38218952061635,36.92019049365809,9.337414,9.979942,8.533436,0.5024163818123747,44.51923,1.0313152,20213172+3655127,7.339,6.929,6.535,AAA,J202131.75+365512.7,5.642,5.388,AAAA
2059076148587289728,301.488834489061,35.78834615644555,6.7464223,6.811207,6.561241,0.5380353041993117,24.102991,1.0697247,20055731+3547181,6.319,6.315,6.247,AAA,J200557.29+354718.3,5.437,5.426,AAAA
4038875335491155328,271.9620802736875,-35.173677165790224,14.571697,14.643954,14.309642,0.1335800481902398,5.03332,0.93413275,18075089-3510251,13.786,13.519,13.272,AAA,J180750.90-351024.3,13.148,12.906,AACU
4053636485258105472,263.9017386237294,-33.93270977574371,11.605036,12.463909,10.672386,0.3947526262316361,21.48229,0.8665278,17353641-3355577,9.303,8.914,8.645,AAA,J173536.46-335558.1,8.209,7.89,AAAA
4056952612330664064,265.3062971815582,-30.06141914377464,20.111113,22.046812,18.354422,-2.354730692611185,-2.4624286,1.1685191,17411351-3003409,13.52,11.699,10.558,AAA,J174113.55-300340.2,9.395,8.848,AACU
4069557997737704960,269.9509173872219,-22.24786338267408,16.436249,19.42192,14.886448,0.0509133300963049,0.48633733,1.0202706,17594822-2214521,11.396,10.29,9.474,AAA,J175948.22-221452.5,8.639,8.207,AAAA
4094936822058475136,271.77150435452126,-20.254648046842387,19.390759,20.941416,18.185097,-0.2717609327527571,-0.8178134,0.9784021,18070516-2015163,14.867,12.671,11.162,AAA,J180705.16-201516.2,10.052,9.476,AABA
4095125220807894400,271.9873420403769,-19.39913728587429,9.210921,9.820375,8.414058,0.5240777871058655,26.566357,1.001202,18075695-1923568,7.118,6.716,6.223,AAA,J180756.95-192356.6,5.33,4.999,AAAA
4095702533139975168,273.23814746814264,-18.02399784542864,15.851981,19.420347,14.257655,0.2008854862341237,1.5574269,1.0823362,18125713-1801263,10.639,8.664,8.046,AAA,J181257.05-180125.7,6.783,6.761,AAAB
4095728440383641344,273.34371417091336,-17.897317140186814,15.163286,18.13192,13.656455,0.2808902862981711,4.797686,1.0830175,18132248-1753503,10.305,9.269,8.659,AAA,J181322.46-175350.6,7.795,7.391,AAAA
4152574080574698752,276.5254971974058,-13.06959860783141,13.273623,14.974079,12.02381,0.3336338053711135,20.801296,1.0256708,18260611-1304104,9.589,8.822,8.299,AAA,J182606.06-130408.9,7.346,7.053,AAAU
4153009457139196032,276.76788547339135,-12.381305831915643,11.489074,12.920021,10.323075,0.3111734859141217,11.773006,0.8552716,18270427-1222526,8.209,7.566,6.955,AAA,J182704.29-122252.3,6.11,5.519,AAAA
4154273822474507136,276.2509760287781,-10.556588816792075,16.568026,19.117973,15.124796,0.1540590330456671,1.3568258,0.99829143,18250024-1033236,12.21,11.236,10.611,AAA,J182500.27-103324.0,9.684,9.312,AAAB
4155087293585479552,277.8188576064685,-10.15695913357987,13.101437,15.268478,11.732878,0.078886284999101,2.350951,1.1150858,18311653-1009250,9.093,8.287,7.632,AAA,J183116.51-100925.0,6.82,6.648,AAAA
4252854660635487360,279.61337339047464,-7.179224933039862,20.260538,21.684223,18.318832,-2.0559031793356737,-1.5190606,1.0904809,18382716-0710447,13.643,11.727,10.589,AAA,J183827.16-071044.9,9.628,9.065,AACU
4252915412949854208,279.07199803632136,-7.085316799795849,18.211533,21.70367,15.976214,1.804988347912469,3.8947318,2.486415,18361729-0705072,10.343,8.399,7.381,AAA,J183617.22-070506.4,4.833,4.435,AAAU
4253520659831494784,281.5627179347139,-5.70587149865165,15.424965,17.068892,14.187141,0.165413989105243,4.4877577,1.0865564,18461505-0542210,12.104,11.406,10.926,AAA,J184615.07-054221.3,10.281,9.966,AAAB
4254678995275751808,285.9959286468532,-4.317222317290084,10.847903,11.210781,10.286436,0.1359114720981432,9.219032,0.87083375,19035902-0419018,9.524,9.282,8.917,AAA,J190359.00-041901.8,8.402,7.995,AAAA
4258462655287419776,280.5262821077134,-3.806261798863277,18.654482,22.432755,16.917244,0.2333230528811575,0.62101465,1.2771901,18420630-0348224,11.946,10.216,9.162,AAA,J184206.29-034822.5,8.261,7.614,AAAB
4258557110213184896,280.69550194647564,-3.2214827775416386,16.7517,18.290924,15.57106,0.2755378763679174,4.0547075,0.93332946,18424692-0313172,13.508,12.834,12.325,AAA,J184246.89-031315.5,11.581,11.05,AAAA
4258706295872782592,281.0860656790419,-2.614234256545904,18.032547,21.423435,16.418505,-0.2542064085636443,-1.2518178,1.1650741,18442065-0236510,12.744,11.571,10.72,AAA,J184420.66-023650.9,9.94,9.605,AABU
4260047188967522304,282.3639085349359,-1.072428013025948,15.179286,17.425602,13.774144,0.190387144789102,4.347068,1.1021825,18492733-0104207,10.943,10.068,9.473,AAA,J184927.34-010420.4,8.812,8.498,AAAU
4260073263704313728,281.5040561286331,-1.2430533139464055,18.330126,21.433327,16.662516,0.2426973821823099,1.0154569,1.1067483,18460097-0114349,12.759,11.425,10.642,AAA,J184600.87-011432.6,9.029,8.719,AABU
4260190366014987904,280.8424153438697,-1.0603658258009798,15.112798,16.889744,13.850858,0.0348586611085629,0.9966478,1.0588934,18432217-0103371,11.496,10.782,10.225,AAA,J184322.19-010337.0,9.472,9.111,AAAB
4266263411103249920,283.18204017405003,0.1448944445520222,19.562067,22.059324,17.899591,0.6549191782716495,0.96728086,1.204849,18524369+0008415,12.49,10.684,9.614,AAA,J185243.69+000841.9,8.708,8.153,AAAC
4306688266055108480,285.6764552270786,6.912438176025605,18.46539,22.002274,16.85714,0.2310645276528785,1.0151072,1.2183925,19024235+0654450,13.109,11.619,11.05,AAA,J190242.37+065444.8,10.586,10.682,AABB
4309211331708602240,287.52666547078326,9.757059731883295,19.872734,21.254868,18.344946,-0.7530555104328535,-1.1669768,1.2713488,19100639+0945254,14.727,13.441,12.625,AAA,J191006.36+094525.6,11.751,11.4,AAUU
4319406076548902784,289.6306309230158,13.72753945997813,19.381126,21.406166,17.674763,-0.5082903400925565,-1.2738941,1.1571219,19183135+1343392,12.788,11.035,9.966,AAA,J191831.34+134339.0,8.807,8.222,AAAB
4319620373924501120,290.72335381240794,14.147175613176517,18.79341,22.10745,17.038511,0.0004000841201976,0.0012962326,1.1098298,19225361+1408498,12.668,10.915,9.676,AAA,J192253.59+140850.6,8.508,7.865,AAAA
4515628288919542784,292.06504277895215,19.555957236943883,11.934921,13.087426,10.853489,0.1319009604375606,6.657162,1.1653619,19281561+1933214,9.298,8.74,8.214,AAA,J192815.62+193321.5,7.795,7.42,AAAA
5242117089256813568,162.9120581586133,-60.9430177366451,12.382786,13.053951,11.559255,0.1200523409672492,12.152253,0.9382283,10513890-6056348,10.249,9.826,9.558,AAA,J105138.88-605634.7,9.144,8.983,AAAB
5255677056923564544,156.07661505665104,-57.80825907393273,12.074918,13.5858555,10.855443,0.1967170983871348,10.382338,1.0483736,10241839-5748297,8.653,7.797,7.18,AAA,J102418.39-574830.1,6.118,5.764,AAZZ
5255679638225357952,155.86995477213085,-57.77483788849023,15.8813305,18.59136,14.362838,0.0813850997250921,1.311689,1.0333428,10232880-5746294,10.596,9.197,8.339,AAA,J102328.81-574629.4,7.529,7.197,AAZZ
5328783280128054784,133.7464997076666,-47.59238217984405,8.625519,8.888724,8.1663065,0.5695307165111155,31.256594,1.3009821,08545916-4735327,7.486,7.245,6.612,AAA,J085459.14-473532.4,6.199,5.898,AAAA
5333031827450024320,179.01562463250656,-63.31510054266036,13.576997,14.818962,12.453928,0.0816042217853154,5.766916,1.1320553,11560376-6318544,10.45,9.887,9.526,AAA,J115603.71-631855.0,8.572,8.42,AAAA
5333291106030306688,177.5176194147652,-62.87094937201912,16.794983,18.870333,15.409999,0.0273540684515257,0.38223818,1.260956,11500424-6252154,12.573,11.575,10.94,AAA,J115004.08-625214.9,9.877,9.5,AAAB
5337278278787851136,166.57734733600267,-61.23714213140727,13.720029,15.138987,12.52115,0.1331906115522187,8.503247,1.3173954,11061858-6114138,10.395,9.276,8.608,AAA,J110618.68-611417.1,7.32,7.077,AAAA
5337417985482248576,168.78154585302357,-61.28187031708018,13.7706585,14.909888,12.617278,0.1031714336596838,7.01191,1.2347468,11150758-6116546,10.467,9.682,9.237,AAA,J111507.82-611652.7,8.523,7.007,AAUX
5338030172959579008,164.42853540684862,-60.56678081610266,14.043341,15.195359,12.933987,0.1256667884433605,7.373626,1.3437881,10574286-6034005,11.04,10.343,9.489,AAA,J105742.90-603400.4,8.952,8.556,AAAA
5338564015865196800,165.63736691285652,-59.43912707767813,12.682219,13.360949,11.836919,0.1412367200803789,11.515638,1.0347601,11023296-5926209,10.398,9.906,9.4,AAA,J110232.95-592620.9,8.682,8.24,AAAA
5351766715283439104,156.26084611573364,-57.36312879179937,14.832278,17.2929,13.422475,0.1611181346318323,4.506779,1.0379652,10250260-5721473,10.505,9.571,9.035,AAA,J102502.59-572147.5,8.585,8.352,AAAC
5852718536596531968,213.2646169431515,-65.44799496510866,12.015092,12.256689,11.57489,0.1150095059780693,8.876969,0.8999667,14130353-6526527,10.958,10.666,10.351,AAA,J141303.54-652652.8,9.847,9.547,AAAB
5862209147378793344,197.8653915457269,-63.766633575000064,14.132972,15.482381,12.986432,0.1116618819383717,7.0413485,1.1076992,13112771-6345598,10.99,9.78,8.578,AAA,J131127.70-634559.6,7.262,6.611,AAAA
5862501613104119424,198.11519817339112,-62.73945380146507,18.062572,20.915655,16.487469,0.0309785189098618,0.2269491,1.0828888,13122766-6244220,13.159,11.824,10.708,AAA,J131227.59-624422.0,10.199,9.8,AAUA
5862501922341768704,198.0376869271624,-62.72409119325924,16.364573,21.068043,14.679665,0.0552321274255527,0.48320195,1.2170391,13120905-6243267,10.208,8.567,7.577,AAA,J131209.12-624326.2,6.802,6.272,AAUZ
5862525634891347968,198.2403793349644,-62.68330534680347,15.024842,17.416582,13.571455,0.089986444717731,2.4274042,0.9217651,13125770-6240599,10.825,9.83,8.981,AAA,J131257.73-624059.6,8.094,7.643,AAAB
5862723203396880128,193.23194536360376,-63.77722871867128,14.198286,15.43078,13.09275,0.07718545866476,4.9610615,1.125292,12525567-6346380,11.244,10.481,9.892,AAA,J125255.64-634638.1,9.056,8.687,AAAU
5865643433220067328,207.38561654966577,-61.52841695454847,12.023311,13.440922,10.849832,0.2779448508666429,17.107317,0.9227198,13493255-6131422,8.795,7.709,6.609,AAA,J134932.58-613142.4,5.51,4.773,AAAA
5867065376634816896,208.5559559650968,-61.833851885950025,19.30476,22.012007,17.59002,0.1938032569790257,0.58189386,1.2188004,13541345-6150018,13.603,12.066,10.864,AAA,J135413.44-615002.8,9.968,9.527,AACU
5879035145561896448,221.6098818055185,-59.39143184580095,13.053126,16.02994,11.566916,0.1653992684217409,3.1618452,1.091389,14462640-5923291,8.41,7.424,6.873,AAA,J144626.28-592329.0,5.438,5.362,AAAU
5879721167786590720,225.69223654503992,-58.45189999765432,17.666191,20.845448,16.019518,0.0015013204428239,0.009318938,1.2729627,15024614-5827067,12.392,11.042,10.183,AAA,J150246.12-582706.4,9.304,8.934,AAAB
5880077688741091968,227.7401881786888,-57.95799710324709,20.372618,21.68429,18.697903,0.4590146143073726,0.46090767,1.1849146,15105766-5757286,13.837,12.191,11.114,AAA,J151057.66-575729.4,10.081,9.534,AABB
5880092291630768512,226.8826854983825,-58.25275718220981,19.324883,21.017302,17.376274,0.2982338583107539,0.86158323,1.0881299,15073185-5815098,13.11,11.659,10.803,AAA,J150731.99-581509.1,9.368,9.051,AAUU
5881477813761075712,224.22992261347125,-55.8496075237804,14.29997,14.903437,13.508857,0.0571833849336269,2.770244,1.1799839,14565519-5550585,12.498,12.031,11.329,AAA,J145655.29-555058.2,10.742,10.393,AAAU
5883559253643620864,233.8604834984782,-56.07010131103838,19.88165,21.596895,18.262907,-0.3114839828919908,-0.66204673,1.1011045,15352652-5604123,13.841,12.386,11.457,AAA,J153526.60-560411.9,10.458,10.055,AAAU
5884424092561607168,237.17543435150108,-55.13173768719059,16.484657,20.223806,14.880927,0.3759378210205855,3.3064458,1.1379373,15484210-5507542,11.185,9.708,8.49,AAA,J154842.12-550753.8,6.806,6.079,AAAB
5884464430895359616,235.76942142126896,-55.18688010595443,15.317626,18.0267,13.817166,0.3003490981676222,5.1894994,1.096449,15430468-5511123,10.96,9.936,9.056,AAA,J154304.68-551112.4,8.465,8.113,AAAB
5932918014247209472,241.01573663053,-53.17902010656498,18.807804,20.751114,17.076385,-0.1808865341695212,-0.7982954,1.0586827,16040379-5310443,13.134,11.899,11.171,AAA,J160403.86-531044.6,10.414,10.15,AAUU
5934037012236694272,246.10926620089543,-51.535040267729926,10.436011,10.951102,9.723815,0.2599089367091463,14.612403,0.869812,16242623-5132060,8.601,8.244,7.837,AAA,J162426.29-513206.7,6.414,6.745,AAAA
5934745299485840768,244.05744750684764,-51.61162428318194,12.5767145,13.723268,11.505713,0.2295846521927892,14.853019,0.93164265,16161381-5136417,9.727,9.224,8.798,AAA,J161613.81-513641.9,8.191,7.861,AAAA
5934986165584098048,242.932094721374,-51.1712983628122,16.3449,20.54438,14.291114,-0.8279042631236444,-2.408791,2.7025256,16114370-5110166,10.259,8.973,8.097,AAA,J161143.60-511016.1,6.662,6.751,AAAA
5935620137100518016,244.91743868826563,-49.23307848243896,15.282179,18.310612,13.759154,0.2869902387348639,4.5444937,1.0617534,16194019-4913589,10.306,9.235,8.475,AAA,J161940.19-491359.2,7.657,7.058,AAAA
5939094009724936320,254.89152650836232,-47.093520770799486,13.459996,14.9463625,12.27096,0.2029399123077518,11.499365,1.0290627,16593396-4705365,10.13,9.389,8.912,AAA,J165933.98-470536.4,8.227,7.867,AAAA
5940107106612387968,251.6928366923055,-45.79953367568169,14.96016,18.010864,13.453054,0.2396389573680911,4.3739204,0.95268315,16464628-4547582,10.04,8.214,6.725,AAA,J164646.32-454758.1,5.009,4.003,AAAA
5940491385980774528,248.45304664598228,-49.47890858411934,13.536317,15.134825,12.318772,0.2029624209868051,12.085131,0.98546743,16334874-4928439,10.218,9.292,8.907,AAA,J163348.42-492840.8,6.642,6.959,AAAU
5941455760690440448,246.2452941805745,-48.94791523193902,19.260956,22.36596,17.527784,-0.4649922966952563,-1.1256987,1.2490287,16245886-4856524,13.282,11.764,10.731,AAA,J162458.93-485652.5,9.745,9.341,AAAB
5943094788943803904,250.9181964294488,-45.96602255657763,14.666981,17.056711,13.273968,0.25574729433846,6.222716,1.0535125,16434036-4557576,10.565,9.708,9.141,AAA,J164340.36-455757.8,8.561,8.105,AAAB
5967906059105052800,252.0057271498128,-42.79397453021029,14.4296055,16.083426,13.168109,0.1436552693108937,5.0248675,1.072837,16480137-4247382,11.183,10.507,9.691,AAA,J164801.33-424738.3,9.056,8.653,AAAU
5973487970401341696,258.60292846484697,-38.16371673875123,19.960636,22.217985,17.875563,-0.2452101728915281,-0.35208297,1.282317,17142471-3809493,12.454,10.78,9.794,AAA,J171424.61-380949.8,8.802,8.382,AAAA
5975043607541238016,263.0137826353787,-35.07573693707156,14.566916,15.642748,13.535928,0.4298296254414223,14.9257555,1.2033803,17320330-3504323,11.331,10.555,10.171,AAA,J173203.19-350430.7,8.67,8.411,AAAB
5980784844951253376,239.85532261036104,-54.21189116981536,14.377344,16.064955,13.125524,0.1900596626522281,9.390833,1.0305371,15592528-5412427,10.935,10.242,9.759,AAA,J155925.27-541243.2,8.847,8.555,AAAU
5981056802278006144,240.11007918729416,-52.1861284617717,17.085026,21.27109,15.4204645,0.3746002958582616,2.7839873,0.94910705,16002643-5211099,11.526,10.195,9.289,AAA,J160026.43-521109.8,8.477,7.969,AAAB
6054402160643310208,183.6412523054442,-62.98019464801802,16.830671,19.858292,15.265159,-0.0291144617422649,-0.40050513,1.0319917,12143390-6258486,11.663,10.383,9.617,AAA,J121433.57-625849.5,8.224,7.694,AAAA
6054402164972282240,183.63782660930212,-62.98084404569752,16.50891,19.540464,14.966521,0.0280762168257376,0.4061603,1.0673419,12143309-6258509,11.438,10.264,9.55,AAA,J121433.57-625849.5,8.224,7.694,AAAA
6054469643164086016,183.06998922110623,-62.77071052297956,17.463697,20.865452,15.892255,-0.1229429284252206,-0.9984467,1.2453346,12121681-6246145,12.067,10.719,9.88,AAA,J121216.84-624614.5,9.04,8.597,AABU
6055240641333628800,192.70400502762607,-62.41104875626224,19.03654,21.842234,17.433025,-0.1183361821113328,-0.4517,1.0542678,12504897-6224397,13.32,11.919,11.088,AAA,J125048.99-622439.7,10.128,9.753,AAAA
