Alias1,gaia_id,source_id,ra,dec,Gmag,BPmag,RPmag,parallax,e_parallax,pmRA,e_pmRA,pmDE,e_pmDE,ruwe,teff,logg,feh,tmass_id,Jmag,Hmag,Kmag,e_Jmag,e_Hmag,e_Kmag,qual_tmass,wise_id,W1mag,W2mag,W3mag,W4mag,e_W1mag,e_W2mag,e_W3mag,e_W4mag,qual_wise,has_tmass_nf,has_wise_nf,radial_velocity,parallax_over_error,Gflux,e_Gflux,BPflux,e_BPflux,RPflux,e_RPflux,e_radial_velocity,ra_2mass,dec_2mass,ra_wise,dec_wise
Gaia DR3 1825407490781545216,Gaia DR3 1825407490781545216,1825407490781545216,293.5434373108962,19.37054716669743,13.938767,15.405137,12.686972,0.2057957110980339,0.14236735,-3.87101384936046,0.14059328,-5.044858589413407,0.14982572,9.596338,10258.877,3.7424,-0.5124,19341042+1922141,10.664,10.017,9.576,0.023,0.023,0.02,AAA,J193410.52+192213.7,8.097,8.02,8.3,7.46,0.013,0.015,0.055,,AAAU,True,True,,1.445526,50054.12642664718,80.05416,9405.072123487887,22.546253,66737.46098523497,126.50915,,293.543455,19.370588,293.5438735,19.3704747
Gaia DR3 2016055591466867712,Gaia DR3 2016055591466867712,2016055591466867712,356.83491247931977,63.22061875471657,10.58428,10.941094,9.478174,0.5208113743490013,0.056596838,-2.929202496148683,0.07832808,-1.14657154704807,0.0516054,3.1220245,,,,23472043+6313122,6.096,5.76,5.53,0.027,0.029,0.018,AAA,J234720.37+631312.7,5.353,5.085,5.115,4.659,0.273,0.08,0.011,0.024,BAAA,True,True,,9.202128,1099600.2580658412,1975.2908,574088.6216567226,32467.578,1282000.988922199,71666.766,,356.835142,63.220078,356.8349112,63.2202168
Gaia DR3 2032145466709678464,Gaia DR3 2032145466709678464,2032145466709678464,297.07608656660057,30.447939579367883,12.69563,13.16496,12.029373,0.1423260586142375,0.010934587,-3.39874159654835,0.0090732835,-5.612419085995448,0.010709405,0.9190932,25661.37,3.5842,-0.8731,19481826+3026526,11.083,10.72,10.404,0.023,0.024,0.021,AAA,J194818.24+302652.5,9.778,9.458,8.601,7.792,0.022,0.02,0.026,0.194,AAAB,True,True,,13.016135,157287.72382933504,228.8236,74034.28246787243,326.42307,122295.01189789837,520.6479,,297.07612,30.44796,297.0760325,30.4479215
Gaia DR3 2057563358004716928,Gaia DR3 2057563358004716928,2057563358004716928,305.38218952061635,36.92019049365809,9.337414,9.979942,8.533436,0.5024163818123747,0.0112853795,-2.640074317933472,0.01055354,-5.455846157116452,0.013346402,1.0313152,,,,20213172+3655127,7.339,6.929,6.535,0.018,0.017,0.016,AAA,J202131.75+365512.7,5.642,5.388,4.583,3.295,0.106,0.052,0.015,0.023,AAAA,True,True,,44.51923,3467218.4623919483,3024.8328,1391361.8639998324,3532.5247,3060439.484977533,6594.0757,,305.382187,36.920219,305.3823252,36.9201967
Gaia DR3 2059076148587289728,Gaia DR3 2059076148587289728,2059076148587289728,301.488834489061,35.78834615644555,6.7464223,6.811207,6.561241,0.5380353041993117,0.022322346,-3.1752158255973515,0.022324758,-6.537098806916184,0.025065739,1.0697247,,,,20055731+3547181,6.319,6.315,6.247,0.02,0.018,0.021,AAA,J200557.29+354718.3,5.437,5.426,5.411,4.648,0.071,0.039,0.016,0.027,AAAA,True,True,,24.102991,37703163.32639953,16683.338,25759310.56345557,24922.787,18821824.25875985,22469.871,,301.488817,35.78838,301.4887432,35.7884254
Gaia DR3 2059146654767199872,Gaia DR3 2059146654767199872,2059146654767199872,302.5591092125724,36.17637099126728,7.7628326,7.9398775,7.376791,0.5247248977045798,0.017652862,-4.989650046935671,0.016952388,-8.444677496749609,0.020332469,0.9816205,,,,20101420+3610350,6.715,6.516,6.162,0.018,0.021,0.016,AAA,J201014.17+361034.7,5.671,5.113,4.363,3.404,0.144,0.08,0.015,0.024,BAAA,True,True,,29.724636,14784742.994647214,9405.585,9108898.011189178,18428.162,8880589.047588833,19530.725,,302.559206,36.176403,302.5590553,36.1763216
Gaia DR3 2060508777869902592,Gaia DR3 2060508777869902592,2060508777869902592,303.6323463367932,36.66097399792682,7.7629585,7.9479046,7.4088144,0.4898288442711307,0.017241918,-2.6808614527164263,0.017334815,-5.738605059883164,0.020019604,0.93664014,,,,20143177+3639396,6.98,6.767,6.185,0.027,0.017,0.016,AAA,J201431.81+363939.7,4.739,3.502,2.903,2.585,0.234,0.298,0.016,0.025,BBAA,True,True,,28.409187,14783023.67052674,8954.966,9041801.853446292,11907.931,8622484.71014871,20450.988,,303.632409,36.661018,303.6325617,36.6610462
Gaia DR3 2061690233159124352,Gaia DR3 2061690233159124352,2061690233159124352,303.0272130824211,38.354910367027294,7.1957364,7.3754725,6.7980294,0.5772389031203671,0.01602141,-7.901585160807841,0.015924282,-6.67873340645013,0.01697743,0.9197789,,,,20120654+3821178,6.127,5.899,5.561,0.021,0.016,0.016,AAA,J201206.52+382116.8,4.599,3.829,3.753,2.804,0.216,0.107,0.013,0.022,BAAA,True,True,,36.02922,24925981.360563293,5706.5625,15318907.418895897,14679.649,15133747.454558313,7635.994,,303.027279,38.354954,303.02718,38.3546707
Gaia DR3 2081261372633822592,Gaia DR3 2081261372633822592,2081261372633822592,305.1165394492402,43.85451579466783,6.641317,6.902983,6.1880617,0.537821526012911,0.023740439,-4.2745874812337,0.026888143,-1.8737162538334775,0.025578957,1.321136,,,,20202798+4351164,5.547,5.429,5.037,0.018,0.023,0.016,AAA,J202027.99+435116.0,3.733,1.49,1.743,1.535,0.382,,0.016,0.015,CUAA,True,True,,22.654238,41535558.5015505,16955.38,23671386.561409973,33628.01,26541991.16410581,30905.146,,305.116618,43.854561,305.1166487,43.8544652
Gaia DR3 4038875335491155328,Gaia DR3 4038875335491155328,4038875335491155328,271.9620802736875,-35.173677165790224,14.571697,14.643954,14.309642,0.1335800481902398,0.026539152,1.534388827327026,0.024797384,-7.443408454262432,0.018797524,0.93413275,24498.025,4.4766,-0.9835,18075089-3510251,13.786,13.519,13.272,0.022,0.023,0.03,AAA,J180750.90-351024.3,13.148,12.906,12.213,8.529,0.05,0.05,0.5,,AACU,True,True,,5.03332,27942.65714762162,228.94398,18959.86319889844,448.2966,14972.750240538458,333.79758,,271.962079,-35.173656,271.9621158,-35.1734214
Gaia DR3 4053636485258105472,Gaia DR3 4053636485258105472,4053636485258105472,263.9017386237294,-33.93270977574371,11.605036,12.463909,10.672386,0.3947526262316361,0.018375725,-0.4796670061376253,0.021280896,-1.1194442515602243,0.016312761,0.8665278,,,,17353641-3355577,9.303,8.914,8.645,0.025,0.028,0.026,AAA,J173536.46-335558.1,8.209,7.89,7.048,4.602,0.024,0.022,0.025,0.04,AAAA,True,True,,21.48229,429469.42075090745,347.15765,141205.9948107327,317.05243,426779.5236636447,757.0269,,263.90173,-33.932701,263.9019526,-33.9328262
Gaia DR3 4053759222599074048,Gaia DR3 4053759222599074048,4053759222599074048,264.08289560455546,-33.436748357257294,11.960196,13.431622,10.766896,0.4346348469554593,0.02690146,-0.2790377280382969,0.030146599,-1.388861772100745,0.02069609,0.8947165,,,,17361991-3326124,8.289,6.672,5.268,0.02,0.029,0.018,AAA,J173619.87-332612.0,3.673,1.712,2.452,2.402,0.291,0.125,0.024,0.022,BBAA,True,True,,16.156553,309648.1332340876,285.2183,57911.96850411488,199.11264,391200.8253549674,1182.168,,264.082968,-33.436787,264.0828332,-33.4366892
Gaia DR3 4056719657597352832,Gaia DR3 4056719657597352832,4056719657597352832,265.3043374941739,-30.54178587289768,15.3126335,19.232588,13.674655,0.0177164321104672,0.1373676,-0.1511578768863735,0.15750018,-1.235547502566135,0.08807866,1.1258383,3685.8962,0.8101,-0.2443,17411303-3032305,9.143,6.505,4.332,0.019,0.024,0.016,AAA,J174113.07-303231.5,0.44,-1.371,-0.419,-0.759,,,0.319,0.012,UUBA,True,True,,0.12897097,14121.90273512846,92.50319,276.9374151127688,8.477895,26871.760836753198,483.7055,,265.304303,-30.541815,265.3044602,-30.5421105
Gaia DR3 4056952612330664064,Gaia DR3 4056952612330664064,4056952612330664064,265.3062971815582,-30.06141914377464,20.111113,22.046812,18.354422,-2.354730692611185,0.9562635,-2.7640464629271877,0.9974116,-6.388814226892298,0.62825984,1.1685191,,,,17411351-3003409,13.52,11.699,10.558,0.035,0.049,0.05,AAA,J174113.55-300340.2,9.395,8.848,9.326,8.476,0.041,0.034,0.364,,AACU,True,True,,-2.4624286,170.02063771556777,0.80605036,20.734431746091577,4.0209394,360.9023601470748,5.4117756,,265.306301,-30.061384,265.3064862,-30.061182
Gaia DR3 4067059872964459648,Gaia DR3 4067059872964459648,4067059872964459648,266.4480892343259,-26.17410564086533,13.758127,14.434324,12.919595,0.342089115817085,0.020826355,0.7622825644935786,0.024009116,-0.0594677041562345,0.014813958,1.1721854,18586.207,4.2264,0.2979,17454754-2610267,11.393,10.893,10.619,,0.055,0.041,UAA,J174547.35-261025.8,9.102,8.945,8.43,5.401,0.025,0.024,0.243,0.039,AABA,True,True,,16.42578,59114.76174508608,20.515738,22997.84018051084,33.697197,53866.69782689087,34.985756,,266.448084,-26.174089,266.4473298,-26.1738478
Gaia DR3 4069167258796371712,Gaia DR3 4069167258796371712,4069167258796371712,270.51718314751105,-23.62838158545535,12.904261,14.3934355,10.931341,1.5643769387129498,0.20037086,-0.4162793884228239,0.25483158,-0.3394114459491044,0.17118354,5.549032,,,,18020412-2337419,6.666,4.343,2.423,0.026,0.236,0.256,ADD,J180204.17-233741.6,-2.171,-1.885,-2.424,-2.786,,,,0.009,UUUA,True,True,,7.8074074,129790.41404791312,6056.2295,23880.46578537576,5221.816,336218.53176040243,35806.414,,270.517192,-23.628325,270.517405,-23.6282478
Gaia DR3 4069557997737704960,Gaia DR3 4069557997737704960,4069557997737704960,269.9509173872219,-22.24786338267408,16.436249,19.42192,14.886448,0.0509133300963049,0.10468727,-3.8573443751520258,0.10498325,-7.115323766359621,0.07197576,1.0202706,4343.8433,2.0986,0.2014,17594822-2214521,11.396,10.29,9.474,0.023,0.027,0.025,AAA,J175948.22-221452.5,8.639,8.207,7.259,3.591,0.023,0.021,0.034,0.035,AAAA,True,True,,0.48633733,5017.035079922466,10.687452,232.62080955984567,19.613092,8801.956577465678,22.498621,,269.950933,-22.247822,269.9509511,-22.2479339
Gaia DR3 4070884386721226240,Gaia DR3 4070884386721226240,4070884386721226240,271.2184536172032,-20.63018132653212,12.609886,14.260022,11.380623,0.2395154288649805,0.030257257,-0.5725277174520857,0.03220989,-1.5002103315503332,0.022949707,0.88720614,,,,18045243-2037486,8.835,7.233,5.719,0.03,0.065,0.021,AAA,J180452.43-203748.2,4.036,3.045,2.674,2.528,0.182,0.337,0.017,0.021,BBAA,True,True,,7.915966,170212.83884274447,175.93816,27002.75874434956,114.94883,222284.41628355577,582.04785,,271.218461,-20.630177,271.2184913,-20.6300804
Gaia DR3 4094175552005597440,Gaia DR3 4094175552005597440,4094175552005597440,272.3349344879061,-20.315914673521096,21.093145,22.048481,18.907131,,,,,,,,,,,18092038-2018572,11.923,9.225,7.719,0.027,0.023,0.023,AAA,J180920.40-201855.0,7.173,6.101,2.01,1.643,0.037,0.026,,,AAUZ,True,True,,,68.81589602810787,3.3312097,20.70258371731428,19.195698,216.92316641898165,17.504648,,272.334934,-20.315897,272.3350106,-20.3152787
Gaia DR3 4094936822058475136,Gaia DR3 4094936822058475136,4094936822058475136,271.77150435452126,-20.254648046842387,19.390759,20.941416,18.185097,-0.2717609327527571,0.33230188,0.6368364905501898,0.42556906,-1.7473586041010716,0.2861785,0.9784021,,,,18070516-2015163,14.867,12.671,11.162,0.044,0.043,0.029,AAA,J180705.16-201516.2,10.052,9.476,8.919,5.208,0.036,0.031,0.182,0.083,AABA,True,True,,-0.8178134,330.098586705556,1.2511668,57.39193949071709,8.237551,421.8123820085384,7.9071236,,271.771524,-20.25453,271.7715129,-20.2545193
Gaia DR3 4095125220807894400,Gaia DR3 4095125220807894400,4095125220807894400,271.9873420403769,-19.39913728587429,9.210921,9.820375,8.414058,0.5240777871058655,0.019727122,1.0111881989007605,0.025249459,-1.9315195069281252,0.015932092,1.001202,,,,18075695-1923568,7.118,6.716,6.223,0.018,0.027,0.024,AAA,J180756.95-192356.6,5.33,4.999,4.317,3.348,0.097,0.074,0.016,0.036,AAAA,True,True,,26.566357,3895633.7648228025,1805.1322,1611634.799534581,1796.0712,3416135.792874958,4875.5825,,271.987313,-19.399134,271.9872947,-19.3990796
Gaia DR3 4095672915045892992,Gaia DR3 4095672915045892992,4095672915045892992,273.1712502535202,-18.44183366191579,20.911287,21.905334,19.24943,,,,,,,,,,,18124110-1826304,13.803,11.965,10.918,0.029,0.024,0.029,AAA,J181241.11-182629.4,10.24,9.663,7.319,2.064,0.033,0.037,0.039,0.032,AAAA,True,True,,,81.36392072000277,1.693294,23.62017577509572,8.1675205,158.26541492093543,13.475762,,273.17126,-18.441795,273.1713117,-18.4415276
Gaia DR3 4095702533139975168,Gaia DR3 4095702533139975168,4095702533139975168,273.23814746814264,-18.02399784542864,15.851981,19.420347,14.257655,0.2008854862341237,0.1289855,-0.5164826098090282,0.14308777,-1.9391151301112437,0.111469775,1.0823362,3997.7112,0.464,-1.15,18125713-1801263,10.639,8.664,8.046,0.023,0.086,0.029,AAA,J181257.05-180125.7,6.783,6.761,6.326,5.5,0.045,0.02,0.033,0.136,AAAB,True,True,,1.5574269,8593.184715586534,14.2072315,232.9582169271363,9.884699,15707.101025228234,53.529015,,273.238078,-18.023973,273.2377161,-18.0238182
Gaia DR3 4095728440383641344,Gaia DR3 4095728440383641344,4095728440383641344,273.34371417091336,-17.897317140186814,15.163286,18.13192,13.656455,0.2808902862981711,0.058547035,-0.7754942797286356,0.0705838,-2.079855822145339,0.054469816,1.0830175,4573.089,1.8886,-0.4774,18132248-1753503,10.305,9.269,8.659,0.023,0.024,0.02,AAA,J181322.46-175350.6,7.795,7.391,6.833,4.202,0.027,0.022,0.1,0.093,AAAA,True,True,,4.797686,16204.369768768232,29.171186,763.2188905341366,12.943131,27325.99797833856,162.60818,,273.343705,-17.897324,273.3436131,-17.8973924
Gaia DR3 4097438485888595584,Gaia DR3 4097438485888595584,4097438485888595584,273.5587909464745,-17.350789769086436,19.447847,20.593863,18.323515,0.42413266593996,0.37958854,1.4595226394802263,0.38993844,-3.5179994468545304,0.28022808,1.0304356,,,,18141409-1721027,16.131,14.264,12.239,0.086,0.075,0.041,ABA,J181414.06-172102.8,10.221,9.363,8.365,6.873,0.033,0.027,0.244,0.145,AABB,True,True,,1.1173484,313.19018915096194,1.3464749,79.04458215394571,9.150608,371.3233171482552,6.91197,,273.558729,-17.350752,273.558621,-17.3507872
Gaia DR3 4152380330315696640,Gaia DR3 4152380330315696640,4152380330315696640,275.81809520553867,-13.723926253988909,11.424642,12.225211,10.514838,0.5077685608153724,0.025314698,0.1149504963646892,0.031330507,-1.9962259697697708,0.024274299,1.1418451,,,,18231633-1343261,8.98,8.426,7.608,0.027,0.034,0.016,AAA,J182316.16-134323.5,5.508,7.461,3.274,3.317,0.141,0.06,0.055,0.085,BAAA,True,True,,20.05825,507095.83447334793,185.5138,175926.924026837,156.07072,493426.8806287517,279.15668,,275.818072,-13.723944,275.8173387,-13.723222
Gaia DR3 4152553773976467712,Gaia DR3 4152553773976467712,4152553773976467712,275.7460147650981,-13.208719832070154,20.851435,22.348734,19.072374,,,,,,,,,,,18225904-1312311,14.17,12.622,11.679,0.07,0.083,0.052,AEA,J182259.02-131230.7,10.653,10.461,9.946,8.001,0.046,0.048,0.309,0.378,AABC,True,True,,,85.97510688706436,1.4574406,15.70086014428643,0.7672344,186.29826595815484,15.386965,,275.746033,-13.208651,275.7459203,-13.2085467
Gaia DR3 4152574080574698752,Gaia DR3 4152574080574698752,4152574080574698752,276.5254971974058,-13.06959860783141,13.273623,14.974079,12.02381,0.3336338053711135,0.016039087,-0.1811503722149033,0.02057111,-1.674707801250573,0.015097858,1.0256708,,,,18260611-1304104,9.589,8.822,8.299,0.025,0.026,0.025,AAA,J182606.06-130408.9,7.346,7.053,6.787,7.167,0.022,0.017,0.028,,AAAU,True,True,,20.801296,92362.85699464308,249.5799,13988.949324700405,122.428986,122923.22550973685,997.69525,,276.525482,-13.069576,276.5252552,-13.0691576
Gaia DR3 4152844491726272640,Gaia DR3 4152844491726272640,4152844491726272640,275.2622003844378,-12.46268721528843,14.441739,15.38964,13.428237,0.2965484748243357,0.025122013,0.5460978439253015,0.025201106,0.8552844958255167,0.021042159,1.0517849,15178.509,3.7317,-0.323,18210292-1227456,11.7,11.119,10.64,0.051,0.053,0.034,EEA,J182102.89-122745.8,9.928,9.632,9.126,8.197,0.025,0.022,0.065,,AAAU,True,True,,11.804328,31495.698828244007,236.4171,9540.274767568197,214.12787,33718.12812215955,749.584,,275.262196,-12.462691,275.2620496,-12.4627303
Gaia DR3 4153009457139196032,Gaia DR3 4153009457139196032,4153009457139196032,276.76788547339135,-12.381305831915643,11.489074,12.920021,10.323075,0.3111734859141217,0.026431099,-0.1075121054007942,0.026509942,-1.5551356039110882,0.02258862,0.8552716,,,,18270427-1222526,8.209,7.566,6.955,0.019,0.017,0.021,AAA,J182704.29-122252.3,6.11,5.519,5.051,2.231,0.062,0.039,0.032,0.023,AAAA,True,True,,11.773006,477878.2334086177,915.4655,92770.183854064,502.4389,588746.0508868395,3306.3176,,276.767833,-12.381287,276.7679135,-12.3812096
Gaia DR3 4153250864340865408,Gaia DR3 4153250864340865408,4153250864340865408,276.1927909255111,-11.90765546950658,19.24604,,,0.8697280242165559,0.4268279,-3.144738612480074,0.60062957,-5.86154806294825,0.43752667,1.0813676,,,,18244626-1154270,13.399,12.277,11.419,0.078,0.098,0.071,AEA,J182446.26-115428.8,10.229,10.06,9.424,7.145,0.033,0.033,,,AAUU,True,True,,2.0376549,377.1645773455152,1.9316374,,,,,,276.192758,-11.907523,276.1927696,-11.9080114
Gaia DR3 4153716198275554176,Gaia DR3 4153716198275554176,4153716198275554176,274.7806757384169,-11.633108356658328,8.786692,9.286333,8.079405,0.4895679670542228,0.015724689,-0.6910921671557475,0.01814828,-1.5680966487778754,0.014444778,0.8894768,,,,18190736-1137591,7.016,6.283,5.492,0.026,0.029,0.018,AAA,J181907.39-113758.8,4.43,3.748,3.8,3.523,0.214,0.154,0.017,0.041,BBAA,True,True,,31.133715,5757979.947575202,3461.0957,2635624.578835536,6073.283,4649393.404678773,7996.5996,,274.780673,-11.633092,274.7808177,-11.6330136
Gaia DR3 4154273822474507136,Gaia DR3 4154273822474507136,4154273822474507136,276.2509760287781,-10.556588816792075,16.568026,19.117973,15.124796,0.1540590330456671,0.113543704,-3.9239313701757217,0.10782957,-6.042096513693968,0.0969413,0.99829143,8488.372,3.5864,0.092,18250024-1033236,12.21,11.236,10.611,0.033,0.048,0.038,AAA,J182500.27-103324.0,9.684,9.312,8.295,6.951,0.026,0.023,0.063,0.163,AAAB,True,True,,1.3568258,4443.613201600764,14.291964,307.7709457120407,7.371026,7067.077062746077,69.6996,,276.251004,-10.556565,276.2511305,-10.5566746
Gaia DR3 4155087293585479552,Gaia DR3 4155087293585479552,4155087293585479552,277.8188576064685,-10.15695913357987,13.101437,15.268478,11.732878,0.078886284999101,0.033555053,-1.4444227250687875,0.039545417,-3.2700999968594058,0.032649096,1.1150858,,,,18311653-1009250,9.093,8.287,7.632,0.029,0.038,0.024,AAA,J183116.51-100925.0,6.82,6.648,5.992,4.487,0.09,0.038,0.02,0.043,AAAA,True,True,,2.350951,108236.04430404524,142.32596,10666.588361951455,49.245632,160696.73502017852,409.3654,,277.818879,-10.156946,277.8188008,-10.1569494
Gaia DR3 4252854660635487360,Gaia DR3 4252854660635487360,4252854660635487360,279.61337339047464,-7.179224933039862,20.260538,21.684223,18.318832,-2.0559031793356737,1.3534043,2.350091996239632,1.3191589,-2.0364920864375624,0.86932635,1.0904809,,,,18382716-0710447,13.643,11.727,10.589,0.032,0.024,0.024,AAA,J183827.16-071044.9,9.628,9.065,8.518,6.539,0.03,0.026,0.41,,AACU,True,True,,-1.5190606,148.1601833915654,2.1956823,28.95526451259769,8.634294,372.928309207878,19.090307,,279.613203,-7.179108,279.6131707,-7.1791635
Gaia DR3 4252915412949854208,Gaia DR3 4252915412949854208,4252915412949854208,279.07199803632136,-7.085316799795849,18.211533,21.70367,15.976214,1.8049883479124695,0.46344358,-2.237044157130776,0.50249547,-5.585042085863523,0.4094969,2.486415,,,,18361729-0705072,10.343,8.399,7.381,0.021,0.021,0.021,AAA,J183617.22-070506.4,4.833,4.435,5.42,4.091,0.08,0.022,0.03,,AAAU,True,True,,3.8947318,977.988083911834,5.5730186,28.44127481726339,5.7290335,3226.0601354572614,40.47348,,279.072046,-7.085354,279.0717722,-7.0851176
Gaia DR3 4253520659831494784,Gaia DR3 4253520659831494784,4253520659831494784,281.5627179347139,-5.70587149865165,15.424965,17.068892,14.187141,0.165413989105243,0.03685894,-2.742917951752716,0.0390217,-7.084126954785252,0.033160925,1.0865564,,,,18461505-0542210,12.104,11.406,10.926,0.033,0.03,0.03,AAA,J184615.07-054221.3,10.281,9.966,8.845,7.003,0.026,0.026,0.043,0.165,AAAB,True,True,,4.4877577,12733.87820886188,20.423216,2031.7046049409523,12.573294,16761.06897741812,96.514915,,281.562741,-5.70584,281.5628006,-5.7059319
Gaia DR3 4254678995275751808,Gaia DR3 4254678995275751808,4254678995275751808,285.9959286468532,-4.317222317290084,10.847903,11.210781,10.286436,0.1359114720981432,0.014742487,-0.4365359717595422,0.016971575,-5.63134711564408,0.0134769855,0.87083375,,,,19035902-0419018,9.524,9.282,8.917,0.027,0.029,0.023,AAA,J190359.00-041901.8,8.402,7.995,7.213,6.304,0.022,0.02,0.021,0.064,AAAA,True,True,,9.219032,862552.5238864417,1472.5518,447820.95355019625,2166.56,608952.8854227153,3181.4011,,285.995926,-4.317193,285.9958574,-4.3171918
Gaia DR3 4258284534415364224,Gaia DR3 4258284534415364224,4258284534415364224,281.05479928406805,-3.7993936409870814,11.081537,12.135178,10.071271,0.2643582108532918,0.016489841,-0.7318208324086549,0.017472787,-2.6149157585825464,0.015651263,0.8356079,,,,18441314-0347577,8.295,7.056,5.773,0.027,0.044,0.023,AAA,J184413.18-034757.7,4.422,3.33,3.199,2.94,0.193,0.174,0.021,0.026,BBAA,True,True,,16.03158,695555.8819867107,1143.5502,191137.4424140478,738.40826,742420.0711731273,3492.443,,281.054785,-3.799382,281.0549346,-3.7993818
Gaia DR3 4258462655287419776,Gaia DR3 4258462655287419776,4258462655287419776,280.5262821077134,-3.806261798863277,18.654482,22.432755,16.917244,0.2333230528811575,0.37571263,-2.8542843372789037,0.3713907,-5.415904212429469,0.32242486,1.2771901,,,,18420630-0348224,11.946,10.216,9.162,0.029,0.022,0.021,AAA,J184206.29-034822.5,8.261,7.614,7.1,7.826,0.024,0.021,0.053,0.293,AAAB,True,True,,0.62101465,650.3599866681836,2.3204389,14.531661787330023,4.304837,1356.0036548446217,15.756089,,280.526285,-3.806245,280.5262233,-3.8062687
Gaia DR3 4258557110213184896,Gaia DR3 4258557110213184896,4258557110213184896,280.69550194647564,-3.2214827775416386,16.7517,18.290924,15.57106,0.2755378763679174,0.067955054,-0.1895143949255734,0.07633911,-2.657973174801841,0.058957767,0.93332946,8195.54,4.0009,-0.7389,18424692-0313172,13.508,12.834,12.325,0.027,0.028,0.027,AAA,J184246.89-031315.5,11.581,11.05,5.472,2.604,0.063,0.053,0.021,0.038,AAAA,True,True,,4.0547075,3752.032828787618,6.798103,659.2454139268986,8.351218,4685.262684429314,28.644943,,280.695503,-3.221458,280.695408,-3.2209996
Gaia DR3 4258650877925467264,Gaia DR3 4258650877925467264,4258650877925467264,280.8218018492983,-3.1490758911251127,18.162117,21.459185,16.59431,0.0696476140451406,0.16574055,-3.5198069771884173,0.18474388,-4.284701266156533,0.1656806,0.9703858,,,,18431722-0308568,12.639,11.029,10.377,,,0.039,UUA,J184317.20-030856.9,9.57,9.503,10.478,6.648,0.027,0.03,,,AAUU,True,True,,0.4202207,1023.5284373065272,1.730682,35.624029994140166,6.153143,1825.7201769476956,13.768421,,280.821786,-3.149118,280.8216776,-3.1491663
Gaia DR3 4258685375104408960,Gaia DR3 4258685375104408960,4258685375104408960,281.32243165816993,-2.803645639275033,14.97089,17.72599,13.50841,0.1985798099480369,0.052895486,-1.5764001563897565,0.062803715,-3.9596028810780552,0.056864608,1.1517161,,,,18451738-0248130,9.97,8.113,6.602,0.032,0.034,0.016,AAA,J184517.36-024812.8,4.933,4.0,3.945,3.673,0.439,0.275,0.018,0.041,CBAA,True,True,,3.7541919,19345.982957172306,31.544275,1109.2281021645003,12.97072,31318.00552070461,133.77216,,281.322436,-2.80363,281.3223633,-2.803582
Gaia DR3 4258706295872782592,Gaia DR3 4258706295872782592,4258706295872782592,281.0860656790419,-2.614234256545904,18.032547,21.423435,16.418505,-0.2542064085636443,0.2030698,-1.8679048317035412,0.21885656,-3.3871621119748734,0.18544868,1.1650741,3826.7341,1.2937,0.3252,18442065-0236510,12.744,11.571,10.72,0.032,0.038,0.026,AAA,J184420.66-023650.9,9.94,9.605,8.375,5.528,0.029,0.028,0.354,,AABU,True,True,,-1.2518178,1153.262454263484,3.1253781,36.81653502433933,4.000348,2146.6263118016414,12.345685,,281.086075,-2.614179,281.0861195,-2.6141395
Gaia DR3 4260047188967522304,Gaia DR3 4260047188967522304,4260047188967522304,282.3639085349359,-1.072428013025948,15.179286,17.425602,13.774144,0.190387144789102,0.04379668,-1.920020099054237,0.045859773,-3.908443856220388,0.042668734,1.1021825,6881.237,1.6042,-0.3163,18492733-0104207,10.943,10.068,9.473,0.028,0.033,0.024,AAA,J184927.34-010420.4,8.812,8.498,8.333,7.572,0.024,0.024,0.09,,AAAU,True,True,,4.347068,15967.331252352891,19.56322,1462.7691625657656,29.563574,24518.88202321857,129.30414,,282.3639,-1.072441,282.3639221,-1.0723479
Gaia DR3 4260073263704313728,Gaia DR3 4260073263704313728,4260073263704313728,281.5040561286331,-1.2430533139464055,18.330126,21.433327,16.662516,0.2426973821823099,0.23900314,-1.8498998270356757,0.24856387,-3.978731012321852,0.22166935,1.1067483,3743.127,0.1729,-0.7606,18460097-0114349,12.759,11.425,10.642,0.023,0.022,0.021,AAA,J184600.87-011432.6,9.029,8.719,9.895,7.817,0.016,0.018,0.297,,AABU,True,True,,1.0154569,876.7911636721824,4.116496,36.48265843340088,5.2801127,1714.5566722235124,21.347391,,281.504053,-1.243048,281.503638,-1.2424098
Gaia DR3 4260190366014987904,Gaia DR3 4260190366014987904,4260190366014987904,280.8424153438697,-1.0603658258009798,15.112798,16.889744,13.850858,0.0348586611085629,0.03497591,-4.222321047812439,0.03252072,-6.602886772369296,0.028943174,1.0588934,7300.463,2.282,-0.7235,18432217-0103371,11.496,10.782,10.225,0.03,0.032,0.029,AAA,J184322.19-010337.0,9.472,9.111,8.401,7.885,0.025,0.021,0.037,0.244,AAAB,True,True,-51.42591,0.9966478,16975.694287901355,29.448349,2396.1816876166004,16.920046,22846.261556685477,135.35153,10.446042,280.842413,-1.060323,280.8424712,-1.0603041
Gaia DR3 4266263411103249920,Gaia DR3 4266263411103249920,4266263411103249920,283.18204017405003,0.1448944445520222,19.562067,22.059324,17.899591,0.6549191782716495,0.6770724,-3.959065987466676,0.6069277,-5.726510402150986,0.5152665,1.204849,,,,18524369+0008415,12.49,10.684,9.614,0.025,0.024,0.022,AAA,J185243.69+000841.9,8.708,8.153,7.699,6.836,0.024,0.021,0.058,0.469,AAAC,True,True,,0.96728086,281.91596240994903,1.9493177,20.496857077557973,9.472477,548.6835345279313,5.615001,,283.18208,0.144883,283.1820495,0.1449784
Gaia DR3 4306688266055108480,Gaia DR3 4306688266055108480,4306688266055108480,285.6764552270786,6.912438176025605,18.46539,22.002274,16.85714,0.2310645276528785,0.22762574,-3.527052002714504,0.25184998,-10.644679699838052,0.22296812,1.2183925,4072.4602,1.4734,0.7072,19024235+0654450,13.109,11.619,11.05,0.035,0.035,0.03,AAA,J190242.37+065444.8,10.586,10.682,9.599,7.269,0.028,0.032,0.144,0.289,AABB,True,True,,1.0151072,774.0893671413554,3.2323532,21.60265945199691,3.227008,1433.1855352555465,8.462669,,285.676466,6.912508,285.6765507,6.9124563
Gaia DR3 4309211331708602240,Gaia DR3 4309211331708602240,4309211331708602240,287.52666547078326,9.757059731883295,19.872734,21.254868,18.344946,-0.7530555104328535,0.64530456,-2.9628733973611503,0.58284163,-5.955051155487639,0.6197953,1.2713488,,,,19100639+0945254,14.727,13.441,12.625,0.037,0.034,0.03,AAA,J191006.36+094525.6,11.751,11.4,10.417,7.929,0.031,0.029,,,AAUU,True,True,,-1.1669768,211.7645586920781,1.0677502,43.00017603634719,7.739221,364.0658766204716,10.491162,,287.52666,9.757074,287.5265319,9.7571132
Gaia DR3 4319406076548902784,Gaia DR3 4319406076548902784,4319406076548902784,289.6306309230158,13.72753945997813,19.381126,21.406166,17.674763,-0.5082903400925565,0.39900517,-1.7070209254705238,0.3369211,-4.28635654857511,0.33465043,1.1571219,,,,19183135+1343392,12.788,11.035,9.966,0.026,0.028,0.022,AAA,J191831.34+134339.0,8.807,8.222,7.605,6.571,0.021,0.019,0.033,0.132,AAAB,True,True,,-1.2738941,333.0395496580964,1.1857951,37.40676443006661,6.8855762,674.9212146663128,6.2382708,,289.630629,13.727567,289.6305885,13.7275048
Gaia DR3 4319620373924501120,Gaia DR3 4319620373924501120,4319620373924501120,290.72335381240794,14.147175613176517,18.79341,22.10745,17.038511,0.0004000841201976,0.30865148,-3.113107288079098,0.30458862,-5.190797986157855,0.23207828,1.1098298,,,,19225361+1408498,12.668,10.915,9.676,0.032,0.033,0.023,AAA,J192253.59+140850.6,8.508,7.865,2.293,-0.155,0.024,0.022,0.042,0.037,AAAA,True,True,,0.0012962326,572.2462919599508,1.4844384,19.608161682588868,2.5749645,1212.7015138220124,7.8919306,,290.723401,14.147172,290.7233262,14.1474092
Gaia DR3 4322565798082824832,Gaia DR3 4322565798082824832,4322565798082824832,291.3255701597107,17.037640447047412,19.188725,21.849766,17.513475,0.65797375307842,0.32055226,-2.64780944026162,0.2746786,-6.23656842367959,0.32094467,1.1656893,,,,19251811+1702159,12.966,11.176,9.922,0.033,0.032,0.026,EEA,J192518.13+170215.6,8.535,7.868,7.576,6.568,0.025,0.021,0.023,0.089,AAAA,True,True,,2.0526257,397.6098957157539,1.1851809,24.860523472831307,3.2516525,783.0106306655591,5.400918,,291.325478,17.037758,291.3255421,17.0376801
Gaia DR3 4515628288919542784,Gaia DR3 4515628288919542784,4515628288919542784,292.06504277895215,19.555957236943883,11.934921,13.087426,10.853489,0.1319009604375606,0.01981339,-3.5206805916901582,0.017363744,-5.1025061698532905,0.018131975,1.1653619,,,,19281561+1933214,9.298,8.74,8.214,0.022,0.021,0.019,AAA,J192815.62+193321.5,7.795,7.42,5.167,3.201,0.024,0.019,0.018,0.027,AAAA,True,True,,6.657162,316940.7934898316,108.57547,79514.49671277791,53.78129,361212.4763384361,215.12926,,292.065079,19.555956,292.0650882,19.5559974
Gaia DR3 5242117089256813568,Gaia DR3 5242117089256813568,5242117089256813568,162.9120581586133,-60.9430177366451,12.382786,13.053951,11.559255,0.1200523409672492,0.009879019,-5.642322724856797,0.011451793,2.8422779841077457,0.010718771,0.9382283,,,,10513890-6056348,10.249,9.826,9.558,0.024,0.025,0.021,AAA,J105138.88-605634.7,9.144,8.983,8.644,8.51,0.023,0.02,0.051,0.273,AAAB,True,True,,12.152253,209813.06487521183,75.79103,82004.25526967965,107.08445,188562.87881167425,180.06612,,162.912091,-60.94302,162.9120082,-60.942977
Gaia DR3 5254268071479968512,Gaia DR3 5254268071479968512,5254268071479968512,160.9676805891287,-60.11777533190529,6.370042,6.38042,6.2533565,0.3662499953744887,0.022870697,-6.809989009826781,0.026850658,1.7801035501019906,0.02439322,0.72813386,,,,10435225-6007040,6.097,6.012,5.816,0.023,0.034,0.024,AAA,J104352.25-600703.6,5.628,5.205,4.826,2.669,0.116,0.066,0.025,,BAAU,True,True,,16.01394,53324897.04873003,29998.988,38304415.10726802,63430.297,24992840.982066628,41328.32,,160.967709,-60.117805,160.96773,-60.11767
Gaia DR3 5255677056923564544,Gaia DR3 5255677056923564544,5255677056923564544,156.07661505665104,-57.80825907393273,12.074918,13.5858555,10.855443,0.1967170983871348,0.018947285,-5.108577480245264,0.021947356,2.765973615113209,0.020072658,1.0483736,,,,10241839-5748297,8.653,7.797,7.18,0.026,0.042,0.02,AAA,J102418.39-574830.1,6.118,5.764,0.992,-3.156,0.098,0.073,,,AAZZ,True,True,,10.382338,278599.08848092577,404.3061,50242.900614771126,209.46657,360562.9718875459,1735.2067,,156.076665,-57.80827,156.0766637,-57.8083741
Gaia DR3 5255679638225357952,Gaia DR3 5255679638225357952,5255679638225357952,155.86995477213085,-57.77483788849023,15.8813305,18.59136,14.362838,0.0813850997250921,0.062046032,-5.627487893253316,0.063633434,2.723999642909766,0.060939226,1.0333428,,,,10232880-5746294,10.596,9.197,8.339,0.03,0.023,0.029,AAA,J102328.81-574629.4,7.529,7.197,10.728,0.497,0.027,0.02,,,AAZZ,True,True,,1.311689,8364.009799470597,9.675306,499.8883296191705,10.69215,14256.832538451145,26.072098,,155.870002,-57.774857,155.8700784,-57.7748583
Gaia DR3 5256443042906853504,Gaia DR3 5256443042906853504,5256443042906853504,152.63290693588937,-60.645105468815245,10.415188,10.454964,10.346739,0.1819159134026491,0.017427512,-6.166255334221783,0.020480689,2.505792032266553,0.020709218,0.98910666,,,,10103191-6038423,9.926,9.736,9.167,0.032,0.032,0.027,AEA,J101031.91-603842.1,8.855,8.524,7.755,7.066,0.023,0.02,0.018,0.068,AAAA,True,True,,10.438433,1284906.433028952,801.1455,898321.0520041586,703.05194,576053.4087273041,237.69774,,152.632965,-60.645107,152.6329584,-60.6450532
Gaia DR3 5328783280128054784,Gaia DR3 5328783280128054784,5328783280128054784,133.7464997076666,-47.59238217984405,8.625519,8.888724,8.1663065,0.5695307165111155,0.018221138,-4.528210456558526,0.019885058,5.395023040018433,0.021778947,1.3009821,,,,08545916-4735327,7.486,7.245,6.612,0.024,0.038,0.016,AAA,J085459.14-473532.4,6.199,5.898,5.269,4.519,0.041,0.029,0.015,0.028,AAAA,True,True,,31.256594,6679427.230258884,2189.5332,3801257.413312516,2658.2935,4291761.88654058,1563.8469,,133.746529,-47.592426,133.7464515,-47.5923371
Gaia DR3 5333031827450024320,Gaia DR3 5333031827450024320,5333031827450024320,179.01562463250656,-63.31510054266036,13.576997,14.818962,12.453928,0.0816042217853154,0.01415041,-5.780252192671436,0.013846992,1.153515436528429,0.013860614,1.1320553,7832.3535,2.2215,-1.0796,11560376-6318544,10.45,9.887,9.526,0.055,0.062,0.06,AAA,J115603.71-631855.0,8.572,8.42,7.681,6.016,0.019,0.019,0.037,0.063,AAAA,True,True,,5.766916,69847.03253750825,56.140976,16137.34821345632,54.8951,82715.551932622,198.29665,,179.015687,-63.315136,179.0154887,-63.3152792
Gaia DR3 5333291106030306688,Gaia DR3 5333291106030306688,5333291106030306688,177.5176194147652,-62.87094937201912,16.794983,18.870333,15.409999,0.0273540684515257,0.071562886,-6.096742577351327,0.07328923,0.8968819043720108,0.07182335,1.260956,,,,11500424-6252154,12.573,11.575,10.94,0.03,0.032,0.029,AAA,J115004.08-625214.9,9.877,9.5,8.986,8.265,0.023,0.021,0.033,0.259,AAAB,True,True,,0.38223818,3605.399182917716,4.6116824,386.6196789097893,5.613703,5434.490475292987,16.926361,,177.517676,-62.870956,177.5170413,-62.8708238
Gaia DR3 5334579768033444224,Gaia DR3 5334579768033444224,5334579768033444224,179.08543677171318,-62.57717553358853,14.534032,15.534073,13.471305,0.1562166345494621,0.021476788,-4.619373617990022,0.02268052,1.781897683205023,0.024379816,1.1961519,8199.923,2.4866,-1.4272,11562051-6234378,11.571,10.742,9.992,0.051,,,AUU,J115620.53-623438.0,9.498,9.144,8.605,8.822,0.023,0.02,0.033,,AAAU,True,True,,7.2737427,28929.040771035547,9.5226145,8351.948402547943,44.15051,32406.813577307723,38.622993,,179.085493,-62.577171,179.0855457,-62.5772361
Gaia DR3 5337277763391663488,Gaia DR3 5337277763391663488,5337277763391663488,166.4539616336185,-61.228143911312685,14.428031,15.365209,13.427975,0.1097730331305401,0.015968744,-5.919695146645018,0.016800525,2.1467542223067206,0.016920602,1.0240009,,,,11054896-6113413,11.533,11.213,10.705,,0.046,0.042,UAA,J110548.86-611341.5,9.883,9.607,9.284,8.554,0.023,0.021,0.177,,AABU,True,True,,6.8742433,31895.859683350547,23.35455,9757.384439459269,26.13423,33726.27614937777,74.94951,,166.454018,-61.228161,166.4535886,-61.2282083
Gaia DR3 5337278278787846784,Gaia DR3 5337278278787846784,5337278278787846784,166.57798697542614,-61.23844665950098,12.589901,13.899854,11.420516,0.1407974397634566,0.075986214,-5.656209937527496,0.08600968,1.9993779036351444,0.08999088,5.5854797,,,,11061873-6114184,9.513,8.744,8.207,0.03,0.036,0.024,EAA,J110618.68-611417.1,7.32,7.077,6.454,5.621,0.026,0.02,0.022,0.053,AAAA,True,True,,1.8529341,173374.9512432072,551.6818,37624.899857754725,336.1951,214265.2896760441,1812.8663,,166.578071,-61.238461,166.5778418,-61.2381023
Gaia DR3 5337278278787851136,Gaia DR3 5337278278787851136,5337278278787851136,166.57734733600267,-61.23714213140727,13.720029,15.138987,12.52115,0.1331906115522187,0.015663499,-5.964363901108708,0.017899297,2.1624918189142366,0.018765103,1.3173954,,,,11061858-6114138,10.395,9.276,8.608,0.033,0.078,0.059,AAA,J110618.68-611417.1,7.32,7.077,6.454,5.621,0.026,0.02,0.022,0.053,AAAA,True,True,,8.503247,61225.92072904184,19.835361,12017.72439978136,13.095143,77749.60223877373,70.0518,,166.577427,-61.237167,166.5778418,-61.2381023
Gaia DR3 5337417985482248576,Gaia DR3 5337417985482248576,5337417985482248576,168.78154585302357,-61.28187031708018,13.7706585,14.909888,12.617278,0.1031714336596838,0.014713742,-5.459409702995625,0.015266713,2.096435819049861,0.014459106,1.2347468,8388.579,2.2244,-1.4913,11150758-6116546,10.467,9.682,9.237,0.037,0.041,0.036,AAA,J111507.82-611652.7,8.523,7.007,-5.5,,0.073,0.054,,,AAUX,True,True,,7.01191,58436.4017361235,259.91003,14840.952289476854,187.093,71161.8002857728,866.17804,,168.781598,-61.281845,168.7826245,-61.2813135
Gaia DR3 5338030172959579008,Gaia DR3 5338030172959579008,5338030172959579008,164.42853540684862,-60.56678081610266,14.043341,15.195359,12.933987,0.1256667884433605,0.01704274,-6.370804508243314,0.01913868,2.7954789501513484,0.017662235,1.3437881,,,,10574286-6034005,11.04,10.343,9.489,0.047,0.036,0.029,AAA,J105742.90-603400.4,8.952,8.556,7.403,5.141,0.023,0.021,0.051,0.064,AAAA,True,True,,7.373626,45458.004601656525,17.846266,11409.674722190932,24.636873,53157.38680196745,45.83161,,164.428596,-60.566811,164.4287578,-60.5667965
Gaia DR3 5338166855999992448,Gaia DR3 5338166855999992448,5338166855999992448,164.97044402990718,-59.87871068164095,14.504145,15.373899,13.541537,0.0942490185597228,0.024196345,-5.575462997526428,0.026464902,2.5426758713867064,0.02503776,1.2538829,7648.628,2.3334,-0.7897,10595293-5952433,11.717,11.042,10.229,0.023,0.027,0.053,AAE,J105952.96-595241.3,9.137,8.87,7.953,6.064,0.021,0.018,0.129,0.258,AABB,True,True,,3.8951757,29736.43239590457,9.109178,9679.59359282869,14.3144245,30376.88809010025,27.566484,,164.970547,-59.878716,164.9706979,-59.8781661
Gaia DR3 5338220285385672064,Gaia DR3 5338220285385672064,5338220285385672064,164.04819891970297,-60.45354983066994,7.2879915,7.619361,6.728363,0.1924803735684636,0.016508428,-4.808337347552719,0.017995149,1.955179515120846,0.017792236,1.0439328,5660.9604,1.1737,-1.7655,10561158-6027128,5.42,5.084,4.531,0.02,0.046,0.015,AEE,J105611.63-602712.9,3.794,3.121,1.927,-4.783,0.337,0.286,0.047,0.001,BBAA,True,True,,11.659522,22895496.200772885,386819.62,12236930.631183729,542003.5,16136637.720943317,923920.4,,164.04827,-60.453579,164.0484684,-60.453595
Gaia DR3 5338564015865196800,Gaia DR3 5338564015865196800,5338564015865196800,165.63736691285652,-59.43912707767813,12.682219,13.360949,11.836919,0.1412367200803789,0.012264775,-5.060644320735048,0.0138859125,3.279229681772319,0.0127357915,1.0347601,26296.678,3.685,0.0046,11023296-5926209,10.398,9.906,9.4,0.026,0.027,0.029,AAA,J110232.95-592620.9,8.682,8.24,7.351,6.309,0.023,0.02,0.025,0.046,AAAA,True,True,,11.515638,159242.59645870823,576.56616,61806.963229225286,658.16876,146012.77194915834,1597.0975,,165.637346,-59.439148,165.6373035,-59.4391645
Gaia DR3 5351766715283439104,Gaia DR3 5351766715283439104,5351766715283439104,156.26084611573364,-57.36312879179937,14.832278,17.2929,13.422475,0.1611181346318323,0.03575017,-4.4676724752486,0.041661046,5.486144299944301,0.0381778,1.0379652,7159.3784,1.7309,-0.0987,10250260-5721473,10.505,9.571,9.035,0.026,0.023,0.023,AAA,J102502.59-572147.5,8.585,8.352,8.309,7.816,0.023,0.02,0.085,0.52,AAAC,True,True,,4.506779,21980.393806212185,13.313162,1652.938767828505,11.885287,33897.54362737442,43.810646,,156.260834,-57.363148,156.2608062,-57.3632058
Gaia DR3 5597770416085979648,Gaia DR3 5597770416085979648,5597770416085979648,119.94267807961536,-28.73417806296701,10.948094,11.159689,10.551695,0.211708638370945,0.01350769,-1.9997980787073504,0.011318453,2.751174286535917,0.014722434,1.0456829,16578.287,3.485,0.7018,07594624-2844031,10.053,9.887,9.61,0.032,0.033,0.027,EEA,J075946.23-284403.2,9.133,8.873,8.168,7.297,0.022,0.02,0.023,0.109,AAAB,True,True,,15.673193,786518.2978802733,433.3701,469397.9099516323,585.11237,476958.2605190957,566.6368,,119.942673,-28.734203,119.9426465,-28.7342409
Gaia DR3 5852718536596531968,Gaia DR3 5852718536596531968,5852718536596531968,213.2646169431515,-65.44799496510866,12.015092,12.256689,11.57489,0.1150095059780693,0.012955943,-6.679064686739423,0.00891465,-4.6179842944750655,0.010924382,0.8999667,23750.295,3.6052,-0.8775,14130353-6526527,10.958,10.666,10.351,0.024,0.025,0.023,AAA,J141303.54-652652.8,9.847,9.547,8.794,8.037,0.023,0.02,0.025,0.192,AAAB,True,True,,8.876969,294381.0973406315,378.81528,170899.63418556366,693.2252,185866.9521467909,749.5886,,213.264734,-65.447975,213.2647587,-65.448008
Gaia DR3 5858915766471945984,Gaia DR3 5858915766471945984,5858915766471945984,197.0297594341892,-65.30602945763631,5.589323,5.5730677,5.5575233,0.4613081562706535,0.069128536,-4.271586257993524,0.06127954,-1.663808463105784,0.069662705,0.9417888,,,,13080715-6518215,5.571,5.566,5.434,0.023,0.047,0.018,AAA,J130807.12-651822.4,5.139,4.885,4.805,4.14,0.144,0.05,0.014,0.025,BAAA,True,True,,6.6731944,109450443.23027636,102184.52,80573055.41159599,192258.92,47440465.49401896,123362.96,,197.029804,-65.305977,197.0296834,-65.3062419
Gaia DR3 5862209147378793344,Gaia DR3 5862209147378793344,5862209147378793344,197.8653915457269,-63.766633575000064,14.132972,15.482381,12.986432,0.1116618819383717,0.015858024,-6.231667109237299,0.013052822,-1.3510867941707332,0.017935423,1.1076992,7380.6147,2.4967,-0.9454,13112771-6345598,10.99,9.78,8.578,0.022,0.022,0.019,AAA,J131127.70-634559.6,7.262,6.611,5.716,4.139,0.029,0.02,0.016,0.03,AAAA,True,True,,7.0413485,41856.03801120997,33.27063,8759.203454057717,30.61446,50650.6789188193,120.289406,,197.865479,-63.766621,197.8654363,-63.7665754
Gaia DR3 5862501613104119424,Gaia DR3 5862501613104119424,5862501613104119424,198.11519817339112,-62.73945380146507,18.062572,20.915655,16.487469,0.0309785189098618,0.13649985,-7.402000292036253,0.11142933,-0.8168331379237077,0.15438762,1.0828888,,,,13122766-6244220,13.159,11.824,10.708,0.023,0.022,0.021,AAA,J131227.59-624422.0,10.199,9.8,9.302,1.553,0.031,0.038,,0.028,AAUA,True,True,,0.2269491,1121.8062570017855,1.5354046,58.769878805856656,5.8940196,2014.5149742063911,4.6510706,,198.11529,-62.739449,198.1149654,-62.7394575
Gaia DR3 5862501922341768704,Gaia DR3 5862501922341768704,5862501922341768704,198.0376869271624,-62.72409119325924,16.364573,21.068043,14.679665,0.0552321274255527,0.11430444,-7.081120637947199,0.10147299,-0.6352513451569548,0.12961769,1.2170391,3784.497,0.2256,-0.85,13120905-6243267,10.208,8.567,7.577,0.023,0.042,0.038,AAA,J131209.12-624326.2,6.802,6.272,4.097,1.901,0.029,0.02,,,AAUZ,True,True,,0.48320195,5359.416294441367,9.0696945,51.07396333009405,4.0152874,10648.596688788455,20.432219,,198.037744,-62.724087,198.0380081,-62.7239589
Gaia DR3 5862502338987197312,Gaia DR3 5862502338987197312,5862502338987197312,198.1187262505944,-62.69749583118168,13.962841,16.310888,12.568542,0.1239070179446521,0.027112339,-7.082952629907835,0.021856233,-0.8029008729286959,0.03053086,0.9479558,8081.268,1.7523,-0.3976,13122850-6241509,9.813,8.834,8.15,0.036,0.04,0.034,EAA,J131228.53-624149.2,6.459,6.129,4.185,0.14,0.049,0.026,0.198,,AABZ,True,True,,4.570134,48956.5077199775,216.1484,4083.774138644439,54.935276,74428.89701561403,994.74274,,198.11879,-62.697498,198.118893,-62.6970188
Gaia DR3 5862525634891347968,Gaia DR3 5862525634891347968,5862525634891347968,198.2403793349644,-62.68330534680347,15.024842,17.416582,13.571455,0.089986444717731,0.03707106,-7.277938821025095,0.0295186,-0.6256611401772767,0.03936093,0.9217651,,,,13125770-6240599,10.825,9.83,8.981,0.026,0.029,0.027,AAA,J131257.73-624059.6,8.094,7.643,7.316,4.554,0.023,0.021,0.027,0.145,AAAB,True,True,,2.4274042,18408.13329426945,8.456812,1474.9720851280845,5.6162915,29551.27556614718,25.80187,,198.240443,-62.683315,198.2405789,-62.6832276
Gaia DR3 5862723203396880128,Gaia DR3 5862723203396880128,5862723203396880128,193.23194536360376,-63.77722871867128,14.198286,15.43078,13.09275,0.07718545866476,0.015558254,-5.960743294634427,0.014049845,-0.3360742176897939,0.016708419,1.125292,,,,12525567-6346380,11.244,10.481,9.892,0.026,0.022,0.023,AAA,J125255.64-634638.1,9.056,8.687,8.502,8.423,0.023,0.02,0.056,,AAAU,True,True,,4.9610615,39412.34820137134,23.200264,9185.539926458385,24.1196,45925.97633844622,59.796745,,193.231989,-63.777229,193.2318703,-63.7772759
Gaia DR3 5864204692281636864,Gaia DR3 5864204692281636864,5864204692281636864,203.4390270457963,-64.12536190798134,13.176262,13.515879,12.619394,0.0902325379239482,0.013882509,-6.12187796690303,0.011089564,-1.678303472882302,0.015591794,1.0856608,32633.615,4.2506,-0.9856,13334538-6407312,11.844,11.478,10.77,0.045,0.063,0.033,EEE,J133345.25-640731.8,9.925,9.643,9.341,8.888,0.023,0.022,0.051,0.456,AAAC,True,True,,6.499728,101028.08935339196,25.779455,53587.7301166572,37.118103,71023.21284985365,34.04295,,203.439101,-64.125351,203.4385616,-64.1255236
Gaia DR3 5865643433220067328,Gaia DR3 5865643433220067328,5865643433220067328,207.38561654966577,-61.52841695454847,12.023311,13.440922,10.849832,0.2779448508666429,0.016247133,-6.427301921124413,0.0108065875,-1.8037863086310568,0.012725384,0.9227198,,,,13493255-6131422,8.795,7.709,6.609,0.021,0.034,0.024,AAA,J134932.58-613142.4,5.51,4.773,4.565,4.351,0.097,0.092,0.016,0.039,AAAA,True,True,,17.107317,292161.24741596007,151.24648,57418.03877825445,85.772644,362431.30010951415,382.82333,,207.385631,-61.528412,207.3857915,-61.5284486
Gaia DR3 5867065376634816896,Gaia DR3 5867065376634816896,5867065376634816896,208.5559559650968,-61.833851885950025,19.30476,22.012007,17.59002,0.1938032569790257,0.33305603,-8.061215655124776,0.23991013,-2.581443587472915,0.27075267,1.2188004,,,,13541345-6150018,13.603,12.066,10.864,0.026,0.023,0.025,AAA,J135413.44-615002.8,9.968,9.527,9.495,7.557,0.025,0.024,0.369,,AACU,True,True,,0.58189386,357.3081257143464,0.79682827,21.409887695460355,3.6746647,729.7102111239459,6.368119,,208.55608,-61.833855,208.5560107,-61.8341349
Gaia DR3 5868384073377056384,Gaia DR3 5868384073377056384,5868384073377056384,202.7218302953663,-62.08107843056535,10.265226,10.64028,9.681102,0.3327721718949517,0.014812114,-5.33331885596261,0.011986477,-1.5088549034955596,0.015587941,1.0051974,,,,13305325-6204517,8.745,7.915,6.835,0.029,0.026,0.026,AAA,J133053.25-620452.1,5.652,4.903,4.534,4.234,0.132,0.06,0.015,0.026,BAAA,True,True,,22.466219,1475217.7120836528,383.9305,757364.4330919167,333.6924,1063450.604148831,652.7057,,202.721891,-62.081043,202.7219062,-62.0811545
Gaia DR3 5875086524484367232,Gaia DR3 5875086524484367232,5875086524484367232,231.04708515308624,-62.67712520556543,9.016378,9.285577,8.550229,0.3624541939521058,0.02052034,-4.6834359790386815,0.024395667,-4.519200799709822,0.024072146,0.8914949,,,,15241131-6240374,7.955,7.278,6.403,0.026,0.031,0.017,AAA,J152411.26-624037.7,5.348,4.566,4.149,3.961,0.138,0.065,0.014,0.027,BAAA,True,True,,17.663166,4660103.232575187,3942.3342,2637461.711072315,6048.782,3013468.3315418176,5827.2554,,231.047129,-62.677082,231.0469375,-62.6771412
Gaia DR3 5876932844981435904,Gaia DR3 5876932844981435904,5876932844981435904,228.42375712191537,-59.19583764379832,12.163178,13.823442,10.903389,0.332711331651227,0.021961806,-4.164164257127094,0.02331011,-2.420640299949821,0.027201178,1.0188135,7299.902,1.828,-1.1199,15134172-5911449,8.459,7.278,6.165,0.019,0.049,0.026,AAA,J151341.73-591144.8,5.169,4.363,4.208,4.184,0.218,0.111,0.017,0.057,BBAA,True,True,,15.149543,256847.43075547225,130.73169,40368.25864201543,74.79535,344986.98308532755,419.53036,,228.423835,-59.195816,228.4239055,-59.1957834
Gaia DR3 5878402612822904704,Gaia DR3 5878402612822904704,5878402612822904704,217.77553694485388,-61.34990666259842,12.376042,13.806676,11.195938,0.2644046899989014,0.014005196,-4.285470509871337,0.012634325,-1.819901782332944,0.016175527,0.84430844,,,,14310613-6120595,9.108,8.347,7.752,0.032,0.026,0.021,EAA,J143106.10-612059.6,6.923,6.663,5.957,5.072,0.042,0.023,0.016,0.052,AAAA,True,True,,18.879042,211120.14540259173,151.84767,40996.48001925696,102.72406,263501.5140344916,596.05664,,217.775558,-61.349873,217.775434,-61.3498913
Gaia DR3 5879035145561896448,Gaia DR3 5879035145561896448,5879035145561896448,221.6098818055185,-59.39143184580095,13.053126,16.02994,11.566916,0.1653992684217409,0.052310996,-5.621085642862785,0.04533123,-2.9516122647667835,0.041798607,1.091389,,,,14462640-5923291,8.41,7.424,6.873,0.024,0.033,0.021,AAA,J144626.28-592329.0,5.438,5.362,5.147,5.168,0.08,0.048,0.018,,AAAU,True,True,,3.1618452,113160.86047527136,93.090706,5289.820104140726,18.826597,187236.99470815915,226.09216,,221.610032,-59.391434,221.6095376,-59.3913937
Gaia DR3 5879721167786590720,Gaia DR3 5879721167786590720,5879721167786590720,225.69223654503992,-58.45189999765432,17.666191,20.845448,16.019518,0.0015013204428239,0.16110425,-5.83547185462779,0.15304771,-3.7383891054142815,0.1521746,1.2729627,,,,15024614-5827067,12.392,11.042,10.183,0.029,0.031,0.023,AAA,J150246.12-582706.4,9.304,8.934,7.899,6.54,0.024,0.023,0.036,0.11,AAAB,True,True,,0.009318938,1616.1090034954589,3.500883,62.69567357632752,6.077102,3099.925926099836,11.930803,,225.69226,-58.451862,225.6921936,-58.4517969
Gaia DR3 5880077688741091968,Gaia DR3 5880077688741091968,5880077688741091968,227.7401881786888,-57.95799710324709,20.372618,21.68429,18.697903,0.4590146143073726,0.9958928,-4.496294628580399,0.8929552,-4.517454900053826,1.0791663,1.1849146,,,,15105766-5757286,13.837,12.191,11.114,0.041,0.032,0.023,AAA,J151057.66-575729.4,10.081,9.534,10.747,7.218,0.027,0.025,0.306,0.175,AABB,True,True,,0.46090767,133.6287732206055,0.9544926,28.95350289709921,6.3520017,263.0248448445558,7.5144916,,227.74026,-57.95797,227.7402751,-57.9581859
Gaia DR3 5880092291630768512,Gaia DR3 5880092291630768512,5880092291630768512,226.8826854983825,-58.25275718220981,19.324883,21.017302,17.376274,0.2982338583107539,0.34614632,-5.579213010799728,0.31841063,-2.925253257985354,0.49231064,1.0881299,,,,15073185-5815098,13.11,11.659,10.803,0.041,0.055,0.078,AAA,J150731.99-581509.1,9.368,9.051,9.837,7.113,0.025,0.023,,,AAUU,True,True,,0.86158323,350.74674769003747,5.7689505,53.51759322192152,10.439931,888.4815093905842,13.490468,,226.882746,-58.252731,226.8833307,-58.2525532
Gaia DR3 5881477813761075712,Gaia DR3 5881477813761075712,5881477813761075712,224.22992261347125,-55.8496075237804,14.29997,14.903437,13.508857,0.0571833849336269,0.020642005,-7.161551555552841,0.020474145,-2.1662729342125866,0.021142,1.1799839,20815.258,4.0083,-0.4986,14565519-5550585,12.498,12.031,11.329,0.041,0.045,0.032,AAA,J145655.29-555058.2,10.742,10.393,9.969,9.215,0.022,0.018,0.057,,AAAU,True,True,,2.770244,35888.789354599765,9.533194,14929.391402831325,15.858864,31305.117159845115,24.51683,,224.229999,-55.849609,224.2303907,-55.8495245
Gaia DR3 5882096598319863936,Gaia DR3 5882096598319863936,5882096598319863936,232.4361861472933,-58.58091737789208,9.205201,9.992691,8.314879,0.3030987548735565,0.014021663,-3.2260711260198423,0.014843232,-3.2808986827751543,0.015390634,0.8683505,16567.332,2.2489,0.254,15294469-5834512,7.067,6.557,5.744,0.024,0.036,0.027,AAA,J152944.72-583451.2,4.337,2.815,1.812,1.477,0.242,0.463,0.012,0.016,BCAA,True,True,,21.616463,3916213.548871215,2170.6028,1375119.8893689653,2010.5612,3742886.040512968,5892.19,,232.436247,-58.580891,232.4363507,-58.5808959
Gaia DR3 5883559253643620864,Gaia DR3 5883559253643620864,5883559253643620864,233.8604834984782,-56.07010131103838,19.88165,21.596895,18.262907,-0.3114839828919908,0.47048637,-6.707951516832635,0.5093796,-4.079475633118684,0.5729909,1.1011045,,,,15352652-5604123,13.841,12.386,11.457,0.037,0.04,0.028,AAA,J153526.60-560411.9,10.458,10.055,9.351,8.856,0.028,0.026,0.086,,AAAU,True,True,,-0.66204673,210.0324198274415,0.834333,31.380432685314677,5.697601,392.64048022114326,5.703671,,233.860532,-56.070091,233.8608414,-56.0699868
Gaia DR3 5884424092561607168,Gaia DR3 5884424092561607168,5884424092561607168,237.17543435150108,-55.13173768719059,16.484657,20.223806,14.880927,0.3759378210205855,0.11369847,-4.247134022002589,0.129479,-4.1089858017309,0.12278724,1.1379373,,,,15484210-5507542,11.185,9.708,8.49,0.028,0.029,0.023,AAA,J154842.12-550753.8,6.806,6.079,5.079,5.13,0.067,0.048,0.012,0.141,AAAB,True,True,,3.3064458,4798.257768015799,8.218818,111.14620702627356,5.6078434,8846.82460440867,23.27011,,237.175439,-55.131725,237.1755167,-55.131628
Gaia DR3 5884464430895359616,Gaia DR3 5884464430895359616,5884464430895359616,235.76942142126896,-55.18688010595443,15.317626,18.0267,13.817166,0.3003490981676222,0.057876315,-4.015273134508295,0.06226771,-3.8595613808221834,0.056102112,1.096449,,,,15430468-5511123,10.96,9.936,9.056,0.029,0.034,0.026,AAA,J154304.68-551112.4,8.465,8.113,7.51,6.629,0.024,0.022,0.042,0.141,AAAB,True,True,,5.1894994,14057.123922974111,8.019788,840.8867212583284,6.5600038,23566.321938845645,28.66924,,235.769504,-55.186764,235.7695084,-55.186804
Gaia DR3 5885078984866033920,Gaia DR3 5885078984866033920,5885078984866033920,234.82064978577097,-55.82184619507108,19.623404,,,-0.1186588559549635,1.4876671,-3.961153149281573,1.3821037,-9.029025350140948,1.3333949,3.0167906,,,,15391701-5549189,14.124,12.581,11.501,0.033,0.031,0.025,AAA,J153917.03-554919.1,10.437,9.952,11.275,8.312,0.027,0.023,,,AAUU,True,True,,-0.0797617,266.431320141587,2.7375033,,,,,,234.820884,-55.821918,234.820985,-55.8219948
Gaia DR3 5932918014247209472,Gaia DR3 5932918014247209472,5932918014247209472,241.01573663052997,-53.17902010656498,18.807804,20.751114,17.076385,-0.1808865341695212,0.22659098,-4.39522666596018,0.27063614,-4.761107893905874,0.19378702,1.0586827,3851.2466,0.7083,-0.6999,16040379-5310443,13.134,11.899,11.171,0.028,0.026,0.051,AAA,J160403.86-531044.6,10.414,10.15,10.74,8.352,0.029,0.027,,,AAUU,True,True,,-0.7982954,564.7094964878539,1.0501434,68.38659948525685,6.4114056,1171.1271511380423,11.375332,,241.015829,-53.178993,241.0160928,-53.1790783
Gaia DR3 5934037012236694272,Gaia DR3 5934037012236694272,5934037012236694272,246.10926620089543,-51.535040267729926,10.436011,10.951102,9.723815,0.2599089367091463,0.017786872,-2.373741632687673,0.018927768,-5.240604142483818,0.014223671,0.869812,,,,16242623-5132060,8.601,8.244,7.837,0.026,0.036,0.023,AAA,J162426.29-513206.7,6.414,6.745,5.933,4.946,0.037,0.021,0.022,0.04,AAAA,True,True,,14.612403,1260498.6870650044,555.94696,568821.630605952,666.24817,1022426.7457060352,1797.241,,246.109301,-51.535027,246.1095639,-51.5352048
Gaia DR3 5934745299485840768,Gaia DR3 5934745299485840768,5934745299485840768,244.05744750684764,-51.61162428318194,12.5767145,13.723268,11.505713,0.2295846521927892,0.015457104,-3.5680962636382008,0.016811242,-3.8309468925781065,0.013848962,0.93164265,15014.976,3.0161,0.0371,16161381-5136417,9.727,9.224,8.798,0.026,0.03,0.028,AAA,J161613.81-513641.9,8.191,7.861,7.325,5.483,0.023,0.019,0.028,0.103,AAAA,True,True,,14.853019,175493.40636727706,345.6939,44270.03433179885,305.33896,198094.63143650407,1110.9314,,244.057545,-51.611603,244.0575695,-51.6116476
Gaia DR3 5934986165584098048,Gaia DR3 5934986165584098048,5934986165584098048,242.93209472137397,-51.1712983628122,16.3449,20.54438,14.291114,-0.8279042631236444,0.34370115,-2.35364165743989,0.43225735,-8.117058976318496,0.29595137,2.7025256,,,,16114370-5110166,10.259,8.973,8.097,0.022,0.027,0.024,AAA,J161143.60-511016.1,6.662,6.751,6.041,4.332,0.048,0.022,0.028,0.053,AAAA,True,True,,-2.408791,5457.415248697184,25.156664,82.73030577420778,4.2104816,15230.441374162148,23.06978,,242.932105,-51.171299,242.931707,-51.1711563
Gaia DR3 5935620137100518016,Gaia DR3 5935620137100518016,5935620137100518016,244.91743868826563,-49.23307848243896,15.282179,18.310612,13.759154,0.2869902387348639,0.0631512,-3.212312758373278,0.07109153,-3.911571864289593,0.06082183,1.0617534,,,,16194019-4913589,10.306,9.235,8.475,0.024,0.024,0.033,AAA,J161940.19-491359.2,7.657,7.058,3.34,-0.82,0.027,0.021,0.014,0.016,AAAA,True,True,,4.5444937,14523.627374910931,8.126792,647.3987711125158,5.5410595,24859.72542044768,18.564882,,244.917466,-49.233055,244.9174685,-49.2331296
Gaia DR3 5939094009724936320,Gaia DR3 5939094009724936320,5939094009724936320,254.89152650836232,-47.093520770799486,13.459996,14.9463625,12.27096,0.2029399123077518,0.017647924,-0.9586085675055768,0.021450141,-3.9592956161084056,0.016429095,1.0290627,,,,16593396-4705365,10.13,9.389,8.912,0.027,0.025,0.024,AAA,J165933.98-470536.4,8.227,7.867,7.164,6.418,0.023,0.02,0.021,0.074,AAAA,True,True,,11.499365,77794.38420118975,140.42389,14350.665588041224,116.33378,97898.11432345342,507.34244,,254.891528,-47.093491,254.8915904,-47.0934558
Gaia DR3 5940106659927357696,Gaia DR3 5940106659927357696,5940106659927357696,251.75664376522892,-45.862583710939774,16.236626,19.453163,14.4316025,0.0602733994662332,0.08791957,-2.058157550357528,0.1094656,-3.550749620557765,0.08990009,1.1206679,,,,16470136-4551456,8.133,7.686,6.93,0.02,,,AUU,J164701.46-455145.9,4.708,4.789,2.847,1.139,0.535,0.26,0.115,0.039,CBBA,True,True,,0.6855516,6029.712294284542,13.1858225,226.0223701514564,7.8591175,13381.886083160132,323.56802,,251.755678,-45.862686,251.7560928,-45.8627628
Gaia DR3 5940107106612387968,Gaia DR3 5940107106612387968,5940107106612387968,251.6928366923055,-45.79953367568169,14.96016,18.010864,13.453054,0.2396389573680911,0.05478814,-2.528352921910765,0.0659371,-3.772498649092492,0.05862153,0.95268315,4856.06,1.4863,-2.1853,16464628-4547582,10.04,8.214,6.725,0.023,0.018,0.026,AAA,J164646.32-454758.1,5.009,4.003,3.856,3.489,0.059,0.087,0.016,0.022,AAAA,True,True,,4.3739204,19538.117973837187,18.181477,853.2398184705427,7.906148,32956.15846385328,79.48958,,251.692846,-45.799526,251.6930224,-45.7994736
Gaia DR3 5940199907954832768,Gaia DR3 5940199907954832768,5940199907954832768,251.78173820826152,-45.822812914747246,18.130983,21.489052,16.471182,0.0615242239539257,0.17736714,-2.076888920667824,0.2168304,-3.614028894631714,0.1789159,1.0657173,,,,16470761-4549222,12.233,10.422,10.167,0.019,9.998,0.063,EFA,J164707.28-454922.2,8.966,6.979,3.497,2.353,0.173,0.093,0.149,0.027,BABA,True,True,,0.34687498,1053.303322588302,3.4622388,34.657417141784144,4.9836187,2044.961927737017,25.17466,,251.781712,-45.822842,251.7803437,-45.8228473
Gaia DR3 5940491385980774528,Gaia DR3 5940491385980774528,5940491385980774528,248.45304664598228,-49.47890858411934,13.536317,15.134825,12.318772,0.2029624209868051,0.016794391,-3.1396052809962645,0.019509807,-3.792294725764169,0.013130685,0.98546743,6389.5527,2.1208,-0.3525,16334874-4928439,10.218,9.292,8.907,0.026,0.061,0.067,AAA,J163348.42-492840.8,6.642,6.959,6.865,7.565,0.045,0.018,0.029,,AAAU,True,True,,12.085131,72513.72014695624,46.78405,12063.882519372535,28.25991,93680.51168246569,152.87827,,248.453088,-49.478882,248.4517883,-49.4780219
Gaia DR3 5941455760690440448,Gaia DR3 5941455760690440448,5941455760690440448,246.2452941805745,-48.94791523193902,19.260956,22.36596,17.527784,-0.4649922966952563,0.41306993,-4.122438547619067,0.43123388,-5.5175022581532325,0.35251516,1.2490287,,,,16245886-4856524,13.282,11.764,10.731,0.054,0.049,0.044,AAA,J162458.93-485652.5,9.745,9.341,8.235,5.961,0.025,0.022,0.064,0.14,AAAB,True,True,,-1.1256987,372.0184170682983,1.4677374,15.453736781677543,2.1151285,772.759657399066,12.404497,,246.245284,-48.947903,246.2455477,-48.9479411
Gaia DR3 5943094788943803904,Gaia DR3 5943094788943803904,5943094788943803904,250.9181964294488,-45.96602255657763,14.666981,17.056711,13.273968,0.25574729433846,0.041098982,-2.4472125883557725,0.052857336,-5.384437419557335,0.039472844,1.0535125,,,,16434036-4557576,10.565,9.708,9.141,0.024,0.025,0.02,AAA,J164340.36-455757.8,8.561,8.105,7.505,6.396,0.027,0.021,0.039,0.175,AAAB,True,True,,6.222716,25594.956001816056,19.657698,2054.624878117264,12.402307,38866.101805116574,68.23614,,250.918205,-45.966,250.91819,-45.9660779
Gaia DR3 5964033098110548736,Gaia DR3 5964033098110548736,5964033098110548736,254.7591210159279,-45.71946297556714,13.246547,14.749877,12.047398,0.2071846137828162,0.021153277,-0.1422004768412404,0.02595723,-3.262329241208218,0.023985725,1.3638409,,,,16590219-4543100,9.457,7.767,6.309,0.023,0.036,0.023,AAA,J165902.18-454309.2,4.489,3.692,3.45,3.357,0.186,0.174,0.012,0.024,BBAA,True,True,,9.794445,94695.21484155554,66.62135,17197.535847761043,50.914364,120281.61265546051,174.8213,,254.759148,-45.719467,254.7590983,-45.7192352
Gaia DR3 5966563486675142912,Gaia DR3 5966563486675142912,5966563486675142912,253.7437684795529,-41.15086637583546,5.671538,5.7849483,5.404865,0.5416667036863951,0.050578304,-0.4744422723792005,0.07831522,-1.617337046957746,0.058555525,0.83094805,,,,16545850-4109031,5.148,5.09,4.904,0.034,0.036,0.018,AAA,J165458.48-410903.1,4.611,4.18,3.955,3.174,0.171,0.127,0.015,0.018,BBAA,True,True,,10.709468,101468601.61856946,108360.695,66288408.89079274,192082.16,54602477.69395389,184069.05,,253.743777,-41.150864,253.7436832,-41.1508828
Gaia DR3 5967906059105052800,Gaia DR3 5967906059105052800,5967906059105052800,252.0057271498128,-42.79397453021029,14.4296055,16.083426,13.168109,0.1436552693108937,0.028588867,-1.8690020820628923,0.036122635,-1.4174043092524666,0.032299157,1.072837,,,,16480137-4247382,11.183,10.507,9.691,0.024,0.023,0.019,AAA,J164801.33-424738.3,9.056,8.653,8.14,6.958,0.023,0.02,0.062,,AAAU,True,True,,5.0248675,31849.633586853703,14.870382,5035.546653489558,12.762444,42846.44176874561,35.0087,,252.00571,-42.793968,252.0055563,-42.7939913
Gaia DR3 5972179719043340800,Gaia DR3 5972179719043340800,5972179719043340800,257.84040370649825,-39.88945196493216,12.136738,13.165592,11.114565,0.3576187416810114,0.014554089,-2.873652207192183,0.016513808,-3.186069334018928,0.010926238,0.94154763,,,,17112170-3953219,9.582,8.962,8.504,,0.036,,UAU,J171121.72-395321.7,7.718,7.491,6.967,6.204,0.025,0.021,0.121,0.108,AABA,True,True,,24.571703,263179.2566074234,528.45953,73991.18891153726,426.47726,284009.0947679592,1700.4386,,257.840429,-39.889427,257.8405094,-39.8893765
Gaia DR3 5973057438557915776,Gaia DR3 5973057438557915776,5973057438557915776,257.86876443414985,-39.2213861785365,20.528429,21.888308,18.779615,,,,,,,,,,,17112850-3913168,13.984,12.202,10.981,0.032,0.035,0.05,AAA,J171128.52-391316.5,9.742,9.297,8.339,5.13,0.027,0.025,0.246,0.065,AABA,True,True,,,115.76438312122036,0.89028084,23.99351402228093,3.405396,243.95629877168983,7.2083917,,257.86876,-39.221355,257.8688596,-39.2212725
Gaia DR3 5973487970376696320,Gaia DR3 5973487970376696320,5973487970376696320,258.6058523817259,-38.16402496209988,20.49082,,,,,,,,,,,,,17142539-3809499,12.012,11.34,9.787,,0.059,,UAU,J171425.51-380952.4,8.027,7.653,6.74,2.648,0.022,0.02,0.025,0.041,AAAA,True,True,,,119.84466519200564,0.90362686,,,,,,258.605807,-38.163883,258.6062959,-38.1645674
Gaia DR3 5973487970401339904,Gaia DR3 5973487970401339904,5973487970401339904,258.6068751203162,-38.16494543118273,,,16.673746,-0.1895904351510544,0.22570142,-4.340911607489867,0.31359354,-6.349547288760816,0.22023676,1.033089,,,,17142565-3809537,11.595,10.069,9.223,,0.033,0.034,UAA,J171425.51-380952.4,8.027,7.653,6.74,2.648,0.022,0.02,0.025,0.041,AAAA,True,True,,-0.84000546,,,,,1696.9145240104938,15.463379,,258.606903,-38.164925,258.6062959,-38.1645674
Gaia DR3 5973487970401341696,Gaia DR3 5973487970401341696,5973487970401341696,258.60292846484697,-38.16371673875123,19.960636,22.217985,17.875563,-0.2452101728915281,0.69645566,-3.5379647463884663,0.85180014,-5.086931391930831,0.591386,1.282317,,,,17142471-3809493,12.454,10.78,9.794,0.049,0.046,0.042,AAA,J171424.61-380949.8,8.802,8.382,6.062,2.009,0.029,0.026,0.017,0.029,AAAA,True,True,,-0.35208297,195.295523010456,0.9007115,17.710178254696988,2.7803752,560.9615620119235,7.0740376,,258.602991,-38.163708,258.6025617,-38.1638507
Gaia DR3 5975043607541238016,Gaia DR3 5975043607541238016,5975043607541238016,263.0137826353787,-35.07573693707156,14.566916,15.642748,13.535928,0.4298296254414223,0.028797846,-0.6416014554254998,0.031797417,-2.05453909974484,0.02362632,1.2033803,,,,17320330-3504323,11.331,10.555,10.171,0.028,0.039,0.037,AAA,J173203.19-350430.7,8.67,8.411,8.107,7.179,0.023,0.02,0.043,0.211,AAAB,True,True,,14.9257555,28065.988296450945,16.920023,7556.448622264379,27.085398,30534.24560890097,25.479929,,263.013785,-35.075657,263.0132979,-35.0752084
Gaia DR3 5980784844951253376,Gaia DR3 5980784844951253376,5980784844951253376,239.85532261036104,-54.21189116981536,14.377344,16.064955,13.125524,0.1900596626522281,0.02023885,-4.635981496814032,0.019984692,-4.370306980741452,0.016963517,1.0305371,7000.745,2.1088,-0.6669,15592528-5412427,10.935,10.242,9.759,0.03,0.035,0.029,AAA,J155925.27-541243.2,8.847,8.555,8.137,7.783,0.023,0.02,0.056,,AAAU,True,True,,9.390833,33420.20166789108,36.867363,5121.943527187224,21.449127,44560.36579778647,136.59258,,239.855337,-54.21188,239.8553075,-54.2120007
Gaia DR3 5981056802278006144,Gaia DR3 5981056802278006144,5981056802278006144,240.11007918729416,-52.1861284617717,17.085026,21.27109,15.4204645,0.3746002958582616,0.13455531,-4.162774560520982,0.1538781,-4.766506201483313,0.14077267,0.94910705,,,,16002643-5211099,11.526,10.195,9.289,0.021,0.022,0.021,AAA,J160026.43-521109.8,8.477,7.969,7.364,6.291,0.028,0.023,0.03,0.11,AAAB,True,True,,2.7839873,2760.1749521122483,4.3351865,42.36241259208339,6.5474224,5382.3533607293,15.311532,,240.110125,-52.186092,240.1101362,-52.1860585
Gaia DR3 5981635832593607040,Gaia DR3 5981635832593607040,5981635832593607040,240.21035462187191,-51.71258991531948,15.491598,,,,,,,,,,,,,16005047-5142449,9.127,7.764,6.432,0.02,0.016,0.018,AAA,J160050.46-514245.5,4.239,3.06,-0.728,-2.514,0.191,0.13,0.418,0.004,BBCA,True,True,,,11975.87698749532,30.570202,,,,,,240.210328,-51.712494,240.2102828,-51.7126639
Gaia DR3 6054402160638288000,Gaia DR3 6054402160638288000,6054402160638288000,183.6321358080735,-62.981131269781486,15.853502,18.419275,13.769975,-0.2243683421154676,0.1332577,-6.03600813564181,0.11436452,0.0517532250270983,0.124204,1.4955102,,,,12143171-6258532,9.466,8.301,7.666,,,0.046,UUA,J121431.71-625850.6,5.445,5.302,5.698,3.81,0.071,0.031,0.022,0.035,AAAA,True,True,,-1.6837176,8581.159324427674,61.301636,585.7427690601701,11.727035,24613.20561562246,604.8276,,183.632143,-62.981457,183.6321638,-62.9807299
Gaia DR3 6054402160643310208,Gaia DR3 6054402160643310208,6054402160643310208,183.6412523054442,-62.98019464801802,16.830671,19.858292,15.265159,-0.0291144617422649,0.072694354,-6.119261721193652,0.06464404,0.5751101745729355,0.07151152,1.0319917,4000.2578,0.7336,-0.7103,12143390-6258486,11.663,10.383,9.617,0.029,0.029,0.025,AAA,J121433.57-625849.5,8.224,7.694,7.008,3.986,0.019,0.018,0.059,0.063,AAAA,True,True,,-0.40050513,3488.817022166233,7.654693,155.63250236820593,7.1067314,6210.045749340467,18.540106,,183.641288,-62.980186,183.6399126,-62.9804264
Gaia DR3 6054402164972282240,Gaia DR3 6054402164972282240,6054402164972282240,183.63782660930215,-62.98084404569752,16.50891,19.540464,14.966521,0.0280762168257376,0.06912595,-5.883886835595536,0.058609217,0.6513355865962932,0.068720415,1.0673419,4535.0527,1.4462,-0.6416,12143309-6258509,11.438,10.264,9.55,0.072,0.063,0.058,AAA,J121433.57-625849.5,8.224,7.694,7.008,3.986,0.019,0.018,0.059,0.063,AAAA,True,True,,0.4061603,4692.266690697299,4.50319,208.56010793817657,5.447526,8176.167708708027,16.898243,,183.637881,-62.980816,183.6399126,-62.9804264
Gaia DR3 6054469643164086016,Gaia DR3 6054469643164086016,6054469643164086016,183.06998922110623,-62.77071052297956,17.463697,20.865452,15.892255,-0.1229429284252206,0.12313419,-6.341426138165325,0.1170732,0.1785121142358605,0.123216525,1.2453346,3739.8467,0.5823,-0.4,12121681-6246145,12.067,10.719,9.88,0.035,0.03,0.028,AAA,J121216.84-624614.5,9.04,8.597,8.709,6.294,0.024,0.021,0.184,,AABU,True,True,,-0.9984467,1947.4575615056688,3.6524024,61.55114442758661,4.3497767,3485.4301163622117,11.155943,,183.070057,-62.770706,183.0701712,-62.7707162
Gaia DR3 6055240641333628800,Gaia DR3 6055240641333628800,6055240641333628800,192.70400502762612,-62.41104875626224,19.03654,21.842234,17.433025,-0.1183361821113328,0.26197958,-6.2867121410324485,0.24338645,-0.2195830551336485,0.23292254,1.0542678,,,,12504897-6224397,13.32,11.919,11.088,0.037,0.041,0.024,AAA,J125048.99-622439.7,10.128,9.753,8.919,7.229,0.021,0.02,0.05,0.102,AAAA,True,True,,-0.4517,457.4368553454525,1.0053902,25.03359629235508,2.7772322,843.2341370332832,6.3629923,,192.704079,-62.411037,192.7041515,-62.4110353
