_r,AllWISE,RAJ2000,DEJ2000,W1mag,W2mag,W3mag,W4mag,e_W1mag,e_W2mag,e_W3mag,e_W4mag,qph,query_idx,gaia_id,sep_arcsec
1.487,J193410.52+192213.7,293.5438735,19.3704747,8.097,8.02,8.3,7.46,0.013,0.015,0.055,,AAAU,0,Gaia DR3 1825407490781545216,1.5041883672811562
1.457,J234720.37+631312.7,356.8349112,63.2202168,5.353,5.085,5.115,4.659,0.273,0.08,0.011,0.024,BAAA,1,Gaia DR3 2016055591466867712,1.4470384674448482
0.207,J194818.24+302652.5,297.0760325,30.4479215,9.778,9.458,8.601,7.792,0.022,0.02,0.026,0.194,AAAB,2,Gaia DR3 2032145466709678464,0.17997773549741636
0.37,J202131.75+365512.7,305.3823252,36.9201967,5.642,5.388,4.583,3.295,0.106,0.052,0.015,0.023,AAAA,3,Gaia DR3 2057563358004716928,0.3911378733012685
0.389,J200557.29+354718.3,301.4887432,35.7884254,5.437,5.426,5.411,4.648,0.071,0.039,0.016,0.027,AAAA,4,Gaia DR3 2059076148587289728,0.3904506810458289
0.267,J201014.17+361034.7,302.5590553,36.1763216,5.671,5.113,4.363,3.404,0.144,0.08,0.015,0.024,BAAA,5,Gaia DR3 2059146654767199872,0.23698153792251403
0.647,J201431.81+363939.7,303.6325617,36.6610462,4.739,3.502,2.903,2.585,0.234,0.298,0.016,0.025,BBAA,6,Gaia DR3 2060508777869902592,0.6740689860864872
0.892,J201206.52+382116.8,303.02718,38.3546707,4.599,3.829,3.753,2.804,0.216,0.107,0.013,0.022,BAAA,7,Gaia DR3 2061690233159124352,0.8678412619358923
0.334,J202027.99+435116.0,305.1166487,43.8544652,3.733,1.49,1.743,1.535,0.382,,0.016,0.015,CUAA,8,Gaia DR3 2081261372633822592,0.3370617358564998
0.904,J180750.90-351024.3,271.9621158,-35.1734214,13.148,12.906,12.213,8.529,0.05,0.05,0.5,,AACU,9,Gaia DR3 4038875335491155328,0.9266727097714899
0.754,J173536.46-335558.1,263.9019526,-33.9328262,8.209,7.89,7.048,4.602,0.024,0.022,0.025,0.04,AAAA,10,Gaia DR3 4053636485258105472,0.764295850399431
0.288,J173619.87-332612.0,264.0828332,-33.4366892,3.673,1.712,2.452,2.402,0.291,0.125,0.024,0.022,BBAA,11,Gaia DR3 4053759222599074048,0.2837275185083987
0.087,J174059.34-321122.5,265.2472855,-32.1895878,11.074,10.808,4.886,0.84,0.077,0.064,0.016,0.011,AAAA,12,Gaia DR3 4054313307684820736,0.11810380894276827
1.24,J174113.07-303231.5,265.3044602,-30.5421105,0.44,-1.371,-0.419,-0.759,,,0.319,0.012,UUBA,13,Gaia DR3 4056719657597352832,1.2290259300882411
1.007,J174113.55-300340.2,265.3064862,-30.061182,9.395,8.848,9.326,8.476,0.041,0.034,0.364,,AACU,14,Gaia DR3 4056952612330664064,1.03715009028892
2.64,J174547.35-261025.8,266.4473298,-26.1738478,9.102,8.945,8.43,5.401,0.025,0.024,0.243,0.039,AABA,15,Gaia DR3 4067059872964459648,2.6233290157878764
0.845,J180204.17-233741.6,270.517405,-23.6282478,-2.171,-1.885,-2.424,-2.786,,,,0.009,UUUA,17,Gaia DR3 4069167258796371712,0.8759955299308037
0.288,J175948.22-221452.5,269.9509511,-22.2479339,8.639,8.207,7.259,3.591,0.023,0.021,0.034,0.035,AAAA,19,Gaia DR3 4069557997737704960,0.27760461292093735
0.358,J180452.43-203748.2,271.2184913,-20.6300804,4.036,3.045,2.674,2.528,0.182,0.337,0.017,0.021,BBAA,20,Gaia DR3 4070884386721226240,0.3848782429598602
2.281,J180920.40-201855.0,272.3350106,-20.3152787,7.173,6.101,2.01,1.643,0.037,0.026,,,AAUZ,21,Gaia DR3 4094175552005597440,2.30387924786781
0.443,J180705.16-201516.2,271.7715129,-20.2545193,10.052,9.476,8.919,5.208,0.036,0.031,0.182,0.083,AABA,22,Gaia DR3 4094936822058475136,0.46438636215270407
0.263,J180756.95-192356.6,271.9872947,-19.3990796,5.33,4.999,4.317,3.348,0.097,0.074,0.016,0.036,AAAA,23,Gaia DR3 4095125220807894400,0.2626157224235917
1.097,J181241.11-182629.4,273.1713117,-18.4415276,10.24,9.663,7.319,2.064,0.033,0.037,0.039,0.032,AAAA,24,Gaia DR3 4095672915045892992,1.1216281288334147
1.626,J181257.05-180125.7,273.2377161,-18.0238182,6.783,6.761,6.326,5.5,0.045,0.02,0.033,0.136,AAAB,25,Gaia DR3 4095702533139975168,1.6121263707124431
0.471,J181322.46-175350.6,273.3436131,-17.8973924,7.795,7.391,6.833,4.202,0.027,0.022,0.1,0.093,AAAA,27,Gaia DR3 4095728440383641344,0.4396515706517078
0.608,J181414.06-172102.8,273.558621,-17.3507872,10.221,9.363,8.365,6.873,0.033,0.027,0.244,0.145,AABB,28,Gaia DR3 4097438485888595584,0.5840413668485804
3.667,J182316.16-134323.5,275.8173387,-13.723222,5.508,7.461,3.274,3.317,0.141,0.06,0.055,0.085,BAAA,29,Gaia DR3 4152380330315696640,3.6643405970520404
0.699,J182259.02-131230.7,275.7459203,-13.2085467,10.653,10.461,9.946,8.001,0.046,0.048,0.309,0.378,AABC,30,Gaia DR3 4152553773976467712,0.7057510947950996
1.793,J182606.06-130408.9,276.5252552,-13.0691576,7.346,7.053,6.787,7.167,0.022,0.017,0.028,,AAAU,31,Gaia DR3 4152574080574698752,1.8002017310706822
0.581,J182102.89-122745.8,275.2620496,-12.4627303,9.928,9.632,9.126,8.197,0.025,0.022,0.065,,AAAU,32,Gaia DR3 4152844491726272640,0.5522615146239188
0.334,J182704.29-122252.3,276.7679135,-12.3812096,6.11,5.519,5.051,2.231,0.062,0.039,0.032,0.023,AAAA,33,Gaia DR3 4153009457139196032,0.360179237378746
1.306,J182446.26-115428.8,276.1927696,-11.9080114,10.229,10.06,9.424,7.145,0.033,0.033,,,AAUU,34,Gaia DR3 4153250864340865408,1.2835498545442825
0.575,J181907.39-113758.8,274.7808177,-11.6330136,4.43,3.748,3.8,3.523,0.214,0.154,0.017,0.041,BBAA,36,Gaia DR3 4153716198275554176,0.6057473833448802
0.618,J182500.27-103324.0,276.2511305,-10.5566746,9.684,9.312,8.295,6.951,0.026,0.023,0.063,0.163,AAAB,37,Gaia DR3 4154273822474507136,0.6278797632198695
0.225,J183116.51-100925.0,277.8188008,-10.1569494,6.82,6.648,5.992,4.487,0.09,0.038,0.02,0.043,AAAA,38,Gaia DR3 4155087293585479552,0.2043254865560792
0.774,J183827.16-071044.9,279.6131707,-7.1791635,9.628,9.065,8.518,6.539,0.03,0.026,0.41,,AACU,40,Gaia DR3 4252854660635487360,0.7569918866341124
1.083,J183617.22-070506.4,279.0717722,-7.0851176,4.833,4.435,5.42,4.091,0.08,0.022,0.03,,AAAU,41,Gaia DR3 4252915412949854208,1.0794397703379832
0.363,J184615.07-054221.3,281.5628006,-5.7059319,10.281,9.966,8.845,7.003,0.026,0.026,0.043,0.165,AAAB,42,Gaia DR3 4253520659831494784,0.367382147680524
0.293,J190359.00-041901.8,285.9958574,-4.3171918,8.402,7.995,7.213,6.304,0.022,0.02,0.021,0.064,AAAA,43,Gaia DR3 4254678995275751808,0.278358316435952
0.463,J184413.18-034757.7,281.0549346,-3.7993818,4.422,3.33,3.199,2.94,0.193,0.174,0.021,0.026,BBAA,44,Gaia DR3 4258284534415364224,0.48793232926928876
0.239,J184206.29-034822.5,280.5262233,-3.8062687,8.261,7.614,7.1,7.826,0.024,0.021,0.053,0.293,AAAB,45,Gaia DR3 4258462655287419776,0.21269672963123024
1.756,J184246.89-031315.5,280.695408,-3.2209996,11.581,11.05,5.472,2.604,0.063,0.053,0.021,0.038,AAAA,46,Gaia DR3 4258557110213184896,1.7719118415063309
0.584,J184317.20-030856.9,280.8216776,-3.1491663,9.57,9.503,10.478,6.648,0.027,0.03,,,AAUU,47,Gaia DR3 4258650877925467264,0.5526329938747995
0.34,J184517.36-024812.8,281.3223633,-2.803582,4.933,4.0,3.945,3.673,0.439,0.275,0.018,0.041,CBAA,48,Gaia DR3 4258685375104408960,0.33600975911281744
0.363,J184420.66-023650.9,281.0861195,-2.6141395,9.94,9.605,8.375,5.528,0.029,0.028,0.354,,AABU,49,Gaia DR3 4258706295872782592,0.3922095917144195
0.268,J184927.34-010420.4,282.3639221,-1.0723479,8.812,8.498,8.333,7.572,0.024,0.024,0.09,,AAAU,50,Gaia DR3 4260047188967522304,0.2925106544180153
2.757,J184600.87-011432.6,281.503638,-1.2424098,9.029,8.719,9.895,7.817,0.016,0.018,0.297,,AABU,51,Gaia DR3 4260073263704313728,2.7625385685859514
0.269,J184322.19-010337.0,280.8424712,-1.0603041,9.472,9.111,8.401,7.885,0.025,0.021,0.037,0.244,AAAB,52,Gaia DR3 4260190366014987904,0.2996643416856077
0.281,J185243.69+000841.9,283.1820495,0.1449784,8.708,8.153,7.699,6.836,0.024,0.021,0.058,0.469,AAAC,53,Gaia DR3 4266263411103249920,0.3040985873181393
2.224,J190127.14+035155.6,285.3630954,3.8654601,8.982,8.314,8.334,7.477,0.017,0.016,0.05,0.346,AAAB,54,Gaia DR3 4281254668018228096,2.249161461436843
4.893,J190127.18+035148.6,285.3632823,3.8635248,8.9,8.611,8.859,7.555,0.015,0.018,0.056,0.452,AAAC,54,Gaia DR3 4281254668018228096,4.876646590334084
0.322,J190242.37+065444.8,285.6765507,6.9124563,10.586,10.682,9.599,7.269,0.028,0.032,0.144,0.289,AABB,55,Gaia DR3 4306688266055108480,0.34738652781308366
0.524,J191006.36+094525.6,287.5265319,9.7571132,11.751,11.4,10.417,7.929,0.031,0.029,,,AAUU,56,Gaia DR3 4309211331708602240,0.5114988874968078
0.225,J191831.34+134339.0,289.6305885,13.7275048,8.807,8.222,7.605,6.571,0.021,0.019,0.033,0.132,AAAB,57,Gaia DR3 4319406076548902784,0.19385517429273358
0.828,J192253.59+140850.6,290.7233262,14.1474092,8.508,7.865,2.293,-0.155,0.024,0.022,0.042,0.037,AAAA,60,Gaia DR3 4319620373924501120,0.8464188867619202
0.169,J192518.13+170215.6,291.3255421,17.0376801,8.535,7.868,7.576,6.568,0.025,0.021,0.023,0.089,AAAA,61,Gaia DR3 4322565798082824832,0.17235358322153807
0.181,J192815.62+193321.5,292.0650882,19.5559974,7.795,7.42,5.167,3.201,0.024,0.019,0.018,0.027,AAAA,62,Gaia DR3 4515628288919542784,0.2112985571448484
0.197,J105138.88-605634.7,162.9120082,-60.942977,9.144,8.983,8.644,8.51,0.023,0.02,0.051,0.273,AAAB,63,Gaia DR3 5242117089256813568,0.17069505104546057
0.399,J104352.25-600703.6,160.96773,-60.11767,5.628,5.205,4.826,2.669,0.116,0.066,0.025,,BAAU,64,Gaia DR3 5254268071479968512,0.3894133454655587
0.404,J102418.39-574830.1,156.0766637,-57.8083741,6.118,5.764,0.992,-3.156,0.098,0.073,,,AAZZ,65,Gaia DR3 5255677056923564544,0.4244731101184596
0.22,J102328.81-574629.4,155.8700784,-57.7748583,7.529,7.197,10.728,0.497,0.027,0.02,,,AAZZ,67,Gaia DR3 5255679638225357952,0.24844277486033525
0.216,J101031.91-603842.1,152.6329584,-60.6450532,8.855,8.524,7.755,7.066,0.023,0.02,0.018,0.068,AAAA,68,Gaia DR3 5256443042906853504,0.20894002311810092
0.229,J085459.14-473532.4,133.7464515,-47.5923371,6.199,5.898,5.269,4.519,0.041,0.029,0.015,0.028,AAAA,69,Gaia DR3 5328783280128054784,0.2000892959712946
0.68,J115603.71-631855.0,179.0154887,-63.3152792,8.572,8.42,7.681,6.016,0.019,0.019,0.037,0.063,AAAA,70,Gaia DR3 5333031827450024320,0.679675042608502
1.081,J115004.08-625214.9,177.5170413,-62.8708238,9.877,9.5,8.986,8.265,0.023,0.021,0.033,0.259,AAAB,71,Gaia DR3 5333291106030306688,1.0511947893890656
0.258,J115620.53-623438.0,179.0855457,-62.5772361,9.498,9.144,8.605,8.822,0.023,0.02,0.033,,AAAU,72,Gaia DR3 5334579768033444224,0.28312214967888744
0.707,J110548.86-611341.5,166.4535886,-61.2282083,9.883,9.607,9.284,8.554,0.023,0.021,0.177,,AABU,74,Gaia DR3 5337277763391663488,0.6866846937632434
1.283,J110618.68-611417.1,166.5778418,-61.2381023,7.32,7.077,6.454,5.621,0.026,0.02,0.022,0.053,AAAA,75,Gaia DR3 5337278278787846784,1.264942971832656
3.542,J110618.68-611417.1,166.5778418,-61.2381023,7.32,7.077,6.454,5.621,0.026,0.02,0.022,0.053,AAAA,76,Gaia DR3 5337278278787851136,3.561148247346715
2.73,J111507.82-611652.7,168.7826245,-61.2813135,8.523,7.007,-5.5,,0.073,0.054,,,AAUX,77,Gaia DR3 5337417985482248576,2.7385461945292695
0.37,J105742.90-603400.4,164.4287578,-60.5667965,8.952,8.556,7.403,5.141,0.023,0.021,0.051,0.064,AAAA,78,Gaia DR3 5338030172959579008,0.39746017510409565
2.021,J105952.96-595241.3,164.9706979,-59.8781661,9.137,8.87,7.953,6.064,0.021,0.018,0.129,0.258,AABB,80,Gaia DR3 5338166855999992448,2.0134276858500595
0.476,J105611.63-602712.9,164.0484684,-60.453595,3.794,3.121,1.927,-4.783,0.337,0.286,0.047,0.001,BBAA,81,Gaia DR3 5338220285385672064,0.5052790844131465
0.187,J110232.95-592620.9,165.6373035,-59.4391645,8.682,8.24,7.351,6.309,0.023,0.02,0.025,0.046,AAAA,82,Gaia DR3 5338564015865196800,0.177827141151337
0.28,J102502.59-572147.5,156.2608062,-57.3632058,8.585,8.352,8.309,7.816,0.023,0.02,0.085,0.52,AAAC,83,Gaia DR3 5351766715283439104,0.28785768807280676
0.237,J075946.23-284403.2,119.9426465,-28.7342409,9.133,8.873,8.168,7.297,0.022,0.02,0.023,0.109,AAAB,84,Gaia DR3 5597770416085979648,0.24720436121004705
0.19,J141303.54-652652.8,213.2647587,-65.448008,9.847,9.547,8.794,8.037,0.023,0.02,0.025,0.192,AAAB,85,Gaia DR3 5852718536596531968,0.21717969613123572
0.775,J130807.12-651822.4,197.0296834,-65.3062419,5.139,4.885,4.805,4.14,0.144,0.05,0.014,0.025,BAAA,86,Gaia DR3 5858915766471945984,0.7732944095341443
0.216,J131127.70-634559.6,197.8654363,-63.7665754,7.262,6.611,5.716,4.139,0.029,0.02,0.016,0.03,AAAA,87,Gaia DR3 5862209147378793344,0.22120776689586125
0.414,J131227.59-624422.0,198.1149654,-62.7394575,10.199,9.8,9.302,1.553,0.031,0.038,,0.028,AAUA,89,Gaia DR3 5862501613104119424,0.38405907516972904
0.692,J131209.12-624326.2,198.0380081,-62.7239589,6.802,6.272,4.097,1.901,0.029,0.02,,,AAUZ,90,Gaia DR3 5862501922341768704,0.7124476627118634
1.737,J131228.53-624149.2,198.118893,-62.6970188,6.459,6.129,4.185,0.14,0.049,0.026,0.198,,AABZ,92,Gaia DR3 5862502338987197312,1.7392469738885825
0.412,J131257.73-624059.6,198.2405789,-62.6832276,8.094,7.643,7.316,4.554,0.023,0.021,0.027,0.145,AAAB,94,Gaia DR3 5862525634891347968,0.4324777159963461
0.223,J125255.64-634638.1,193.2318703,-63.7772759,9.056,8.687,8.502,8.423,0.023,0.02,0.056,,AAAU,95,Gaia DR3 5862723203396880128,0.20762289383196517
0.958,J133345.25-640731.8,203.4385616,-64.1255236,9.925,9.643,9.341,8.888,0.023,0.022,0.051,0.456,AAAC,96,Gaia DR3 5864204692281636864,0.9346330614266657
0.294,J134932.58-613142.4,207.3857915,-61.5284486,5.51,4.773,4.565,4.351,0.097,0.092,0.016,0.039,AAAA,97,Gaia DR3 5865643433220067328,0.32113650215995504
1.022,J135413.44-615002.8,208.5560107,-61.8341349,9.968,9.527,9.495,7.557,0.025,0.024,0.369,,AACU,98,Gaia DR3 5867065376634816896,1.0230872666925344
0.29,J133053.25-620452.1,202.7219062,-62.0811545,5.652,4.903,4.534,4.234,0.132,0.06,0.015,0.026,BAAA,99,Gaia DR3 5868384073377056384,0.3022641340695889
0.228,J134114.03-605353.8,205.3084741,-60.8982895,9.182,8.881,8.094,7.0,0.022,0.02,0.041,0.111,AAAB,100,Gaia DR3 5868912491781014144,0.24554669662196657
0.28,J152411.26-624037.7,231.0469375,-62.6771412,5.348,4.566,4.149,3.961,0.138,0.065,0.014,0.027,BAAA,101,Gaia DR3 5875086524484367232,0.2506865164015405
0.308,J151341.73-591144.8,228.4239055,-59.1957834,5.169,4.363,4.208,4.184,0.218,0.111,0.017,0.057,BBAA,102,Gaia DR3 5876932844981435904,0.33609714858182227
0.213,J143106.10-612059.6,217.775434,-61.3498913,6.923,6.663,5.957,5.072,0.042,0.023,0.016,0.052,AAAA,103,Gaia DR3 5878402612822904704,0.18609631004742894
0.673,J144626.28-592329.0,221.6095376,-59.3913937,5.438,5.362,5.147,5.168,0.08,0.048,0.018,,AAAU,104,Gaia DR3 5879035145561896448,0.6457050619865133
0.38,J150246.12-582706.4,225.6921936,-58.4517969,9.304,8.934,7.899,6.54,0.024,0.023,0.036,0.11,AAAB,105,Gaia DR3 5879721167786590720,0.37986404650067124
0.702,J151057.66-575729.4,227.7402751,-57.9581859,10.081,9.534,10.747,7.218,0.027,0.025,0.306,0.175,AABB,106,Gaia DR3 5880077688741091968,0.699649825301523
1.396,J150731.99-581509.1,226.8833307,-58.2525532,9.368,9.051,9.837,7.113,0.025,0.023,,,AAUU,107,Gaia DR3 5880092291630768512,1.425805824596533
0.961,J145655.29-555058.2,224.2303907,-55.8495245,10.742,10.393,9.969,9.215,0.022,0.018,0.057,,AAAU,108,Gaia DR3 5881477813761075712,0.9920616873369927
0.288,J152944.72-583451.2,232.4363507,-58.5808959,4.337,2.815,1.812,1.477,0.242,0.463,0.012,0.016,BCAA,109,Gaia DR3 5882096598319863936,0.31834194703000473
0.799,J153526.60-560411.9,233.8608414,-56.0699868,10.458,10.055,9.351,8.856,0.028,0.026,0.086,,AAAU,111,Gaia DR3 5883559253643620864,0.8289548039979683
0.408,J154842.12-550753.8,237.1755167,-55.131628,6.806,6.079,5.079,5.13,0.067,0.048,0.012,0.141,AAAB,112,Gaia DR3 5884424092561607168,0.4297081888255234
0.303,J154304.68-551112.4,235.7695084,-55.186804,8.465,8.113,7.51,6.629,0.024,0.022,0.042,0.141,AAAB,113,Gaia DR3 5884464430895359616,0.32714213732254577
0.848,J153917.03-554919.1,234.820985,-55.8219948,10.437,9.952,11.275,8.312,0.027,0.023,,,AAUU,114,Gaia DR3 5885078984866033920,0.8635868954036102
0.773,J160403.86-531044.6,241.0160928,-53.1790783,10.414,10.15,10.74,8.352,0.029,0.027,,,AAUU,115,Gaia DR3 5932918014247209472,0.7964943987217711
0.882,J162426.29-513206.7,246.1095639,-51.5352048,6.414,6.745,5.933,4.946,0.037,0.021,0.022,0.04,AAAA,116,Gaia DR3 5934037012236694272,0.8917702319764172
0.264,J161613.81-513641.9,244.0575695,-51.6116476,8.191,7.861,7.325,5.483,0.023,0.019,0.028,0.103,AAAA,117,Gaia DR3 5934745299485840768,0.2853485405056127
1.031,J161143.60-511016.1,242.931707,-51.1711563,6.662,6.751,6.041,4.332,0.048,0.022,0.028,0.053,AAAA,118,Gaia DR3 5934986165584098048,1.0136359958370487
0.203,J161940.19-491359.2,244.9174685,-49.2331296,7.657,7.058,3.34,-0.82,0.027,0.021,0.014,0.016,AAAA,119,Gaia DR3 5935620137100518016,0.19691545817991124
0.253,J165933.98-470536.4,254.8915904,-47.0934558,8.227,7.867,7.164,6.418,0.023,0.02,0.021,0.074,AAAA,120,Gaia DR3 5939094009724936320,0.2814742787936312
0.951,J164706.03-455209.2,251.7751458,-45.869236,6.351,5.69,3.127,0.884,0.049,0.04,0.043,0.028,AAAA,122,Gaia DR3 5940105899709768192,0.9288351311940999
1.555,J164701.46-455145.9,251.7560928,-45.8627628,4.708,4.789,2.847,1.139,0.535,0.26,0.115,0.039,CBBA,135,Gaia DR3 5940106659927357696,1.5243113174782792
0.483,J164646.32-454758.1,251.6930224,-45.7994736,5.009,4.003,3.856,3.489,0.059,0.087,0.016,0.022,AAAA,140,Gaia DR3 5940107106612387968,0.5138246649290571
3.528,J164707.28-454922.2,251.7803437,-45.8228473,8.966,6.979,3.497,2.353,0.173,0.093,0.149,0.027,BABA,141,Gaia DR3 5940199907954832768,3.500683909765828
4.349,J163348.42-492840.8,248.4517883,-49.4780219,6.642,6.959,6.865,7.565,0.045,0.018,0.029,,AAAU,142,Gaia DR3 5940491385980774528,4.341937308328334
0.582,J162458.93-485652.5,246.2455477,-48.9479411,9.745,9.341,8.235,5.961,0.025,0.022,0.064,0.14,AAAB,143,Gaia DR3 5941455760690440448,0.6065821967971444
0.219,J164340.36-455757.8,250.91819,-45.9660779,8.561,8.105,7.505,6.396,0.027,0.021,0.039,0.175,AAAB,144,Gaia DR3 5943094788943803904,0.19988483986115263
0.808,J165902.18-454309.2,254.7590983,-45.7192352,4.489,3.692,3.45,3.357,0.186,0.174,0.012,0.024,BBAA,145,Gaia DR3 5964033098110548736,0.8219773487836647
0.269,J165458.48-410903.1,253.7436832,-41.1508828,4.611,4.18,3.955,3.174,0.171,0.127,0.015,0.018,BBAA,146,Gaia DR3 5966563486675142912,0.2386112575478551
0.484,J164801.33-424738.3,252.0055563,-42.7939913,9.056,8.653,8.14,6.958,0.023,0.02,0.062,,AAAU,147,Gaia DR3 5967906059105052800,0.45535108589511614
0.368,J171121.72-395321.7,257.8405094,-39.8893765,7.718,7.491,6.967,6.204,0.025,0.021,0.121,0.108,AABA,148,Gaia DR3 5972179719043340800,0.3987991299615139
0.459,J171128.52-391316.5,257.8688596,-39.2212725,9.742,9.297,8.339,5.13,0.027,0.025,0.246,0.065,AABA,152,Gaia DR3 5973057438557915776,0.48777424614358833
2.323,J171425.51-380952.4,258.6062959,-38.1645674,8.027,7.653,6.74,2.648,0.022,0.02,0.025,0.041,AAAA,153,Gaia DR3 5973487970376696320,2.321482129329704
2.139,J171425.51-380952.4,258.6062959,-38.1645674,8.027,7.653,6.74,2.648,0.022,0.02,0.025,0.041,AAAA,154,Gaia DR3 5973487970401339904,2.1307038937399225
1.176,J171424.61-380949.8,258.6025617,-38.1638507,8.802,8.382,6.062,2.009,0.029,0.026,0.017,0.029,AAAA,155,Gaia DR3 5973487970401341696,1.144673847962414
2.379,J173203.19-350430.7,263.0132979,-35.0752084,8.67,8.411,8.107,7.179,0.023,0.02,0.043,0.211,AAAB,156,Gaia DR3 5975043607541238016,2.3790705773195624
0.411,J155925.27-541243.2,239.8553075,-54.2120007,8.847,8.555,8.137,7.783,0.023,0.02,0.056,,AAAU,158,Gaia DR3 5980784844951253376,0.3955897592072678
0.258,J160026.43-521109.8,240.1101362,-52.1860585,8.477,7.969,7.364,6.291,0.028,0.023,0.03,0.11,AAAB,159,Gaia DR3 5981056802278006144,0.2815481070308799
0.337,J160050.46-514245.5,240.2102828,-51.7126639,4.239,3.06,-0.728,-2.514,0.191,0.13,0.418,0.004,BBCA,160,Gaia DR3 5981635832593607040,0.3108135794483691
1.453,J121431.71-625850.6,183.6321638,-62.9807299,5.445,5.302,5.698,3.81,0.071,0.031,0.022,0.035,AAAA,161,Gaia DR3 6054402160638288000,1.445656225242465
2.368,J121433.57-625849.5,183.6399126,-62.9804264,8.224,7.694,7.008,3.986,0.019,0.018,0.059,0.063,AAAA,162,Gaia DR3 6054402160643310208,2.3445144933498767
3.918,J121431.71-625850.6,183.6321638,-62.9807299,5.445,5.302,5.698,3.81,0.071,0.031,0.022,0.035,AAAA,163,Gaia DR3 6054402164972278528,3.9202697550591985
3.705,J121433.57-625849.5,183.6399126,-62.9804264,8.224,7.694,7.008,3.986,0.019,0.018,0.059,0.063,AAAA,164,Gaia DR3 6054402164972282240,3.728155584043245
0.272,J121216.84-624614.5,183.0701712,-62.7707162,9.04,8.597,8.709,6.294,0.024,0.021,0.184,,AABU,165,Gaia DR3 6054469643164086016,0.300449527437493
0.221,J125048.99-622439.7,192.7041515,-62.4110353,10.128,9.753,8.919,7.229,0.021,0.02,0.05,0.102,AAAA,166,Gaia DR3 6055240641333628800,0.248964542875141
