,matching_ident,identifier,ra_hms,dec_dms
0,WR 17-1,Gaia DR3 5258739853951492352,10 16 26.2188695184,-57 28 05.775794220
1,WR 20-1,Gaia DR3 5255679638225357952,10 23 28.8004020960,-57 46 29.459982540
2,WR 20-3,Gaia DR3 5351766715283439104,10 25 02.6119040592,-57 21 47.351428776
3,WR 31-1,Gaia DR3 5337974815066189184,10 59 00.8003118288,-61 08 50.210535516
4,WR 42-1,Gaia DR3 5337420974779493248,11 14 45.5134690272,-61 15 00.297434808
6,WR 43-2,Gaia DR3 5337417985482248576,11 15 07.5831241008,-61 16 54.766684416
7,WR 43-3,Gaia DR3 5337456262235600512,11 15 15.3697073736,-60 51 17.747404596
8,WR 44-1,Gaia DR3 5337356550268311168,11 19 43.0260269976,-61 27 12.305862072
10,WR 45-2,Gaia DR3 5333281038625611392,11 46 06.6557719248,-62 47 12.692912064
11,WR 45-3,Gaia DR3 5333291106030306688,11 50 04.2429210504,-62 52 15.432089340
12,WR 45-4,Gaia DR3 5334571281177102080,11 55 52.1112690000,-62 45 02.317759092
14,WR 46-1,Gaia DR3 6057398432929770752,12 06 56.4840560328,-62 38 30.399990000
15,WR 46-2,Gaia DR3 6054397075394503040,12 13 38.7939644952,-63 08 58.063794108
18,WR 46-5,Gaia DR3 6054402164972282240,12 14 33.0922015680,-62 58 51.048985836
19,WR 46-6,Gaia DR3 6054402160643310208,12 14 33.9149209824,-62 58 48.709934582
20,WR 46-7,Gaia DR3 6054478581036542720,12 10 07.9617168384,-62 44 19.426747272
22,WR 46-9,Gaia DR3 6054469643164086016,12 12 16.8121964784,-62 46 14.560738860
24,WR 46-11,Gaia DR3 6053731497237581568,12 28 41.9135827224,-63 25 46.107673896
25,WR 46-12,Gaia DR3 6053747229666708864,12 28 50.9895788232,-63 17 00.121532496
26,WR 46-13,Gaia DR3 6053899825584290432,12 30 03.8693613552,-62 50 17.139850512
27,WR 46-14,Gaia DR3 6053591923647688064,12 38 18.7648691664,-63 24 19.652765184
30,WR 46-17,Gaia DR3 6054470094180542336,12 12 41.1334910946,-62 42 30.673738397
31,WR 47-1,Gaia DR3 5862973720242127744,12 46 16.1445029232,-62 57 23.485729716
32,WR 47-2,Gaia DR3 5862754470762223488,12 55 44.2500012504,-63 35 50.057226924
33,WR 47-3,Gaia DR3 5862310195003201152,13 03 11.0674770152,-63 42 16.347826707
34,WR 48-1,Gaia DR3 5862512097153573120,13 10 12.0788309808,-62 39 06.592257648
35,WR 48-2,Gaia DR3 5862525634891347968,13 12 57.7079569104,-62 40 59.889237852
36,WR 48-3,Gaia DR3 5862503163620954752,13 12 21.3224527736,-62 40 12.387259416
37,WR 48-4,Gaia DR3 5862501613104119424,13 12 27.6647992104,-62 44 22.020615888
38,WR 48-5,Gaia DR3 5862430969485396224,13 12 45.3447514608,-63 05 51.998871768
39,WR 48-6,Gaia DR3 5862501922341768704,13 12 09.0613442832,-62 43 26.718131640
40,WR 48-7,Gaia DR3 5862501617432628608,13 12 25.4738527416,-62 44 41.785922724
41,WR 48-8,Gaia DR3 5862502338987197312,13 12 28.5107713440,-62 41 50.972145792
42,WR 48-9,Gaia DR3 5862502338987201408,13 12 28.5638209632,-62 41 43.769380128
43,WR 48-10,Gaia DR3 5862502338987191552,13 12 24.9913507440,-62 42 00.201886956
45,WR 48-12,Gaia DR3 5862452856639687552,13 11 36.7377695832,-62 49 59.582848620
46,WR 52-2,Gaia DR3 5868410289859556480,13 28 15.8824817256,-62 06 23.541803712
47,WR 59-2,Gaia DR3 5867065376634816896,13 54 13.4476478952,-61 50 01.825486260
48,WR 60-2,Gaia DR3 5866506721648610816,14 12 36.5501376144,-61 45 32.764222800
51,WR 60-5,Gaia DR3 5866501365851281024,14 06 03.6215392690,-60 27 29.598559165
53,WR 61-1,Gaia DR3 5866708280185028992,14 21 23.1469087152,-60 18 04.102817976
54,WR 61-3,Gaia DR3 5866654507192171904,14 20 30.7511294448,-60 48 22.187855520
55,WR 62-1,Gaia DR3 5879035832756714112,14 46 53.5727857008,-59 19 38.298633816
56,WR 62-2,Gaia DR3 5879035145561896448,14 46 26.3834090003,-59 23 29.107419054
57,WR 67-1,Gaia DR3 5877138831615057792,15 16 36.9609940488,-58 09 58.785023700
59,WR 67-3,Gaia DR3 5877142611191579904,15 15 39.4339312016,-58 08 16.070071680
60,WR 68-1,Gaia DR3 5883143260293256064,15 20 35.9230191504,-57 27 11.952723168
61,WR 70-1,Gaia DR3 5883559253643620864,15 35 26.5288583832,-56 04 12.299448072
62,WR 70-2,Gaia DR3 5981624837477220992,15 59 56.7196452504,-51 59 29.899158216
64,WR 70-5,Gaia DR3 5884424092561607168,15 48 42.1121686944,-55 07 54.189930108
65,WR 70-11,Gaia DR3 5981436099432247808,16 00 25.2627249696,-52 03 29.570492808
66,WR 70-12,Gaia DR3 5981056802278006144,16 00 26.4262473288,-52 11 09.986198280
68,WR 71-1,Gaia DR3 5932918014247209472,16 04 03.7846139675,-53 10 44.396205892
69,WR 72-1,Gaia DR3 5933406236095064960,16 11 39.2687733672,-52 05 45.818338164
70,WR 72-2,Gaia DR3 5934986165584098048,16 11 43.7067372336,-51 10 16.544233164
73,WR 75-1,Gaia DR3 5941455760690440448,16 24 58.8772988856,-48 56 52.406554920
77,WR 75-11,Gaia DR3 5941292139639772800,16 35 05.5493491560,-47 17 13.672808556
80,WR 75-21,Gaia DR3 5941160438758884736,16 33 48.1308636720,-47 52 52.746803832
81,WR 75-23,Gaia DR3 5942844680092000256,16 37 23.9879881200,-46 26 28.714095708
88,WR 76-2,Gaia DR3 5942739371814796160,16 40 28.2648424768,-46 23 26.703919826
97,WR 77-1,Gaia DR3 5943179829303158656,16 44 10.6831522704,-45 24 24.588803052
98,WR 77-2,Gaia DR3 5943206251936707456,16 46 53.4277176528,-45 35 58.970016852
99,WR 77-3,Gaia DR3 5940101437255609984,16 47 46.0380559344,-45 59 04.861461480
100,WR 77-5,Gaia DR3 5943094788943803904,16 43 40.3708985208,-45 57 57.595052664
101,WR 77-6,Gaia DR3 5964827495242056704,16 51 19.3354605192,-43 26 55.223192184
102,WR 82-2,Gaia DR3 5972994594597225216,17 07 23.9526991704,-39 19 54.344065224
103,WR 83-1,Gaia DR3 5972183468571843712,17 11 00.8123088168,-39 49 31.345711788
104,WR 84-4,Gaia DR3 5972950373611106560,17 11 46.1345064336,-39 20 27.769307028
105,WR 84-9,Gaia DR3 5973487970376696320,17 14 25.4128116901,-38 09 50.361272462
107,WR 84-11,Gaia DR3 5972068668365594880,17 12 34.8732276990,-40 37 13.638354327
110,WR 102-19,Gaia DR3 4067776552713332096,17 55 20.2084446384,-24 07 38.354279340
111,WR 102-20,Gaia DR3 4069024395312085888,17 59 02.8462958448,-24 20 50.647878528
112,WR 102-21,Gaia DR3 4069557997737704960,17 59 48.2246183760,-22 14 52.194332436
113,WR 102-22,Gaia DR3 4069025181279810944,17 59 02.3397287064,-24 17 00.031002468
114,WR 102-25,Gaia DR3 4044123789831722240,17 59 35.6016463608,-30 51 32.334318576
115,WR 105-2,Gaia DR3 4069857447172870400,18 03 28.3638482328,-22 22 58.994794668
116,WR 108-1,Gaia DR3 4094936822058475136,18 07 05.1603210192,-20 15 16.705010880
117,WR 111-1,Gaia DR3 4094266669719378560,18 09 45.0598444848,-20 17 10.354417728
118,WR 111-2,Gaia DR3 4095729947892337408,18 13 14.1994270440,-17 53 43.448402832
119,WR 111-3,Gaia DR3 4097435741411560704,18 13 42.4747192968,-17 28 12.241360344
120,WR 111-4,Gaia DR3 4095728440383641344,18 13 22.4922702768,-17 53 50.308426968
121,WR 111-9,Gaia DR3 4095697138661210368,18 12 02.4256256664,-18 06 55.287923796
122,WR 111-10,Gaia DR3 4097438485888595584,18 14 14.1081961128,-17 21 02.786880708
123,WR 111-12,Gaia DR3 4095618626655831808,18 14 32.9800031088,-18 25 14.715560424
124,WR 111-13,Gaia DR3 4095711943401184512,18 13 34.8157532808,-18 05 41.516421432
125,WR 113-1,Gaia DR2 4098014389460991872,18 19 22.1887145234,-16 03 12.419178744
127,WR 114-1,Gaia DR3 4154273822474507136,18 25 00.2385044952,-10 33 23.623066908
128,WR 114-2,Gaia DR3 4153253750568925568,18 23 32.3244429072,-12 03 58.582053180
129,WR 115-1,Gaia DR3 4152476297066998784,18 25 53.0883243864,-13 28 32.300804892
131,WR 115-3,Gaia DR3 4152574080574698752,18 26 06.1195257432,-13 04 10.528192884
132,WR 116-1,Gaia DR3 4155723842108658560,18 28 11.7992769216,-10 25 42.325644468
133,WR 116-2,Gaia DR3 4156611555997469824,18 29 33.8452425600,-08 39 02.072815920
134,WR 116-3,Gaia DR3 4154990742729141376,18 30 53.2025518224,-10 19 37.133898204
135,WR 117-1,Gaia DR3 4155087293585479552,18 31 16.5273907992,-10 09 25.000559280
136,WR 118-2,Gaia DR3 4252915412949859072,18 36 16.6869394848,-07 04 59.317991400
138,WR 118-4,Gaia DR3 4156266554151949312,18 33 47.6338742592,-09 23 07.803860388
140,WR 118-6,Gaia DR3 4252854660635487360,18 38 27.2070871416,-07 10 45.177175056
141,WR 118-10,Gaia DR3 4253040688579755776,18 36 55.5313532832,-06 31 02.076599892
142,WR 119-1,Gaia DR3 4258531164287499648,18 40 08.6581669848,-03 29 31.087589820
144,WR 120-1,Gaia DR3 4256685947587790336,18 41 10.7006294520,-04 51 26.982015660
145,WR 120-4,Gaia DR3 4258461620173469440,18 42 08.2722647232,-03 51 02.889515988
146,WR 120-5,Gaia DR3 4258461791972163840,18 42 08.4722714736,-03 49 35.208831396
147,WR 120-6,Gaia DR3 4258557110213184896,18 42 46.9206696216,-03 13 17.295471588
148,WR 120-7,Gaia DR3 4256626608314233344,18 41 34.0756315488,-05 04 01.279246836
149,WR 120-10,Gaia DR3 4258703207808502144,18 43 58.0358615856,-02 45 17.269177104
151,WR 120-15,Gaia DR3 4258650877925467264,18 43 17.2362039696,-03 08 56.604652836
154,WR 121-6,Gaia DR3 4259258010195996416,18 51 10.7653414224,-01 30 03.449802384
155,WR 121-12,Gaia DR3 4260073263704313728,18 46 00.9754445640,-01 14 34.928270520
156,WR 121-15,Gaia DR3 4258706295872782592,18 44 20.6577574776,-02 36 51.189128964
157,WR 122-1,Gaia DR3 4265816429591726848,19 00 15.8650650720,+00 05 17.355372828
158,WR 122-2,Gaia DR3 4266263411103249920,18 52 43.6938647904,+00 08 41.711624556
159,WR 122-3,Gaia DR3 4266994758119500160,18 54 03.1219719264,+01 24 50.833105884
161,WR 122-15,Gaia DR3 4306688266055108480,19 02 42.3530442336,+06 54 44.947748556
162,WR 123-1,Gaia DR3 4307367180121252864,19 08 17.9751515520,+08 29 10.600204596
163,WR 123-3,Gaia DR3 4309176976263877888,19 08 38.0922886944,+09 28 21.003837060
164,WR 123-8,Gaia DR3 4309211331708602240,19 10 06.4029197712,+09 45 25.510315608
165,WR 124-2,Gaia DR3 4319423252107433216,19 20 40.3933929552,+13 50 35.196042696
166,WR 124-3,Gaia DR3 4319236236367451264,19 16 18.3850670280,+12 46 49.381771044
168,WR 124-6,Gaia DR3 4319620373924501120,19 22 53.6083394876,+14 08 49.915260202
169,WR 124-7,Gaia DR3 4319831724985219456,19 22 54.4553566248,+14 11 28.004137008
170,WR 124-9,Gaia DR3 4319502902284779392,19 17 32.8048675392,+14 08 28.038774408
172,WR 124-11,Gaia DR3 4322765389497405952,19 24 46.9139770176,+17 14 25.096562016
173,WR 124-18,Gaia DR3 4319406076548902784,19 18 31.3532958864,+13 43 39.210637620
174,WR 124-19,Gaia DR3 4315954572104614400,19 20 02.4676257192,+12 08 20.321607840
176,WR 124-21,Gaia DR3 4322817483169888512,19 26 08.3524066440,+17 46 23.008562940
177,WR 124-22,Gaia DR3 4321618083470555264,19 27 17.9842492488,+16 05 24.602457156
178,WR 125-1,Gaia DR3 1825418588978011648,19 33 44.0086605912,+19 22 47.486175672
179,WR 125-2,Gaia DR3 4323332329499518848,19 30 38.8386309696,+18 39 09.821200680
180,WR 125-3,Gaia DR3 4323329438956658432,19 30 13.5631598928,+18 32 02.466071772
181,WR 125-4,Gaia DR3 4323004979954775552,19 30 05.3079586248,+17 46 01.089817212
182,WR 138-1,Gaia DR3 2062560122958679936,20 17 08.1192896544,+41 07 26.991896268
183,WR 147-1,Gaia DR3 2069445505277962624,20 38 22.9266279192,+42 28 03.408599172
185,WR   1,Gaia DR3 524101256981955200,00 43 28.3971737448,+64 45 35.384652468
191,WR   2,Gaia DR3 426378793809476096,01 05 23.0309242057,+60 25 18.900677036
194,WR   3,Gaia DR3 508955656105078912,01 38 55.6274097096,+58 09 22.673806272
197,WR   4,Gaia DR3 454818035714964992,02 41 11.6753354688,+56 43 49.735070148
199,WR   5,Gaia DR3 460606178458202496,02 52 11.6613087600,+56 56 07.131052500
204,WR   7,Gaia DR3 3032940844556081408,07 18 29.1311435688,-13 13 01.513932528
205,WR   7a,Gaia DR3 5617746515133032448,07 20 22.3648466568,-23 43 56.522065908
207,WR   8,Gaia DR3 5595121310305893760,07 44 58.2217347768,-31 54 29.554957188
208,WR   9,Gaia DR3 5588584477463342592,07 45 50.3991805440,-34 19 48.500286780
210,WR  10,Gaia DR3 5597770416085979648,07 59 46.2451717872,-28 44 03.085045476
217,WR  15,Gaia DR3 5325632526471160832,09 13 11.7689184720,-50 06 25.523968608
220,WRAY 15-2,Gaia DR3 2922367976673391232,06 54 13.0439608392,-23 55 42.023319852
449,WRAY 15-269,Gaia DR3 5329864237502044160,08 44 47.2901340000,-45 58 55.417387548
466,WRAY 15-289,Gaia DR3 5331491785272445952,08 49 52.9566367968,-45 10 24.005049276
480,WRAY 15-306,Gaia DR3 5328783280128054784,08 54 59.1670918944,-47 35 32.662167792
617,WRAY 15-465,Gaia DR3 5259375577836135168,09 54 52.9033957968,-57 43 38.274644604
649,WRAY 15-509,Gaia DR3 5256443042906853504,10 10 31.9110817968,-60 38 42.419780376
676,WRAY 15-538,Gaia DR3 5258583929469166720,10 17 02.2743231360,-57 54 46.875258324
706,WRAY 15-572,Gaia DR3 5255569549619300096,10 26 31.4087563344,-58 38 26.182481568
759,WRAY 15-628,Gaia DR3 5350370026290390912,10 41 17.5158425712,-59 40 36.895992960
805,WRAY 15-681,Gaia DR3 5338422591176599040,10 53 44.8179035891,-59 30 46.684250766
816,WRAY 15-693,Gaia DR3 5338220285385672064,10 56 11.5781414448,-60 27 12.810673260
828,WRAY 15-705,Gaia DR3 5337977224571589504,10 58 45.4633977552,-61 10 42.955415616
855,WRAY 15-733,Gaia DR3 5240040631514998272,11 06 17.2032351624,-65 30 35.241182028
1030,WRAY 15-945,Gaia DR3 6057485951491749248,12 11 18.5515062048,-62 29 43.613827440
1086,WRAY 15-1004,Gaia DR3 6055101523064612864,12 43 50.9991209208,-63 05 14.812489320
1161,WRAY 15-1088,Gaia DR3 6062353145875545600,13 18 27.9941240160,-58 08 13.603221168
1185,WRAY 15-1116,Gaia DR3 5864010933331665280,13 32 43.7633368296,-65 01 27.837319620
1187,WRAY 15-1118,Gaia DR3 5865360897441115904,13 33 30.1197052368,-62 19 01.214335740
1210,WRAY 15-1150,Gaia DR3 5867123139651286528,13 55 48.4481808288,-61 09 48.459624804
1236,WRAY 15-1181,Gaia DR3 5852718536596531968,14 13 03.5252119752,-65 26 52.707986592
1300,WRAY 15-1254,Gaia DR2 5878214218377380992,14 50 58.2650618251,-59 51 26.428849251
1335,WRAY 15-1300,Gaia DR3 5876711014185935232,15 14 57.7186057272,-59 50 30.215432688
1336,WRAY 15-1301,Gaia DR3 5876955556746594048,15 15 32.6272277376,-59 02 30.695283672
1422,WRAY 15-1409,Gaia DR3 5829299664809018880,16 03 49.3455286488,-62 41 35.941627680
1529,WRAY 15-1527,Gaia DR3 5941013958888446592,16 41 19.2544733688,-48 01 59.103204780
1542,WRAY 15-1545,Gaia DR3 5968019618048049664,16 52 19.2477039480,-41 51 16.270066224
1576,WRAY 15-1581,Gaia DR3 5964033098110548736,16 59 02.1892610760,-45 43 10.014514788
1592,WRAY 15-1600,Gaia DR3 5963639571706070400,17 04 04.6348092696,-45 12 15.057174564
1619,WRAY 15-1630,Gaia DR3 5951318036426102656,17 10 54.6274683720,-46 36 00.577401516
1622,WRAY 15-1634,Gaia DR3 5972179719043340800,17 11 21.7008844704,-39 53 21.976096632
1640,WRAY 15-1656,Gaia DR3 5973474703218558080,17 16 02.1830922072,-38 15 42.666776028
1649,WRAY 15-1666,Gaia DR3 5972658869920060544,17 18 52.8750705984,-38 50 03.606746928
1693,WRAY 15-1724,Gaia DR3 4054408445497438080,17 33 07.0670597184,-33 38 23.495487072
1717,WRAY 15-1758,Gaia DR3 4054149755376098176,17 42 09.7606723248,-32 33 24.800937012
1776,WRAY 15-1823,Gaia DR3 4042922573453831936,18 01 43.1453595672,-32 42 55.161329040
1925,WRAY 16-97,Gaia DR3 5334118346751491200,11 38 05.0961216840,-62 16 01.900054200
1994,WRAY 16-172,Gaia DR3 5876692803522748928,15 18 20.7584521536,-59 38 17.324150928
2108,WRAY 16-292,Gaia DR3 4053759222599074048,17 36 19.8953017656,-33 26 12.271864344
2124,WRAY 16-308,Gaia DR3 4053955824662571648,17 46 45.4755803568,-33 08 35.133711936
2666,WR  19,Gaia DR3 5258557987863082624,10 18 04.9885430688,-58 16 26.244521868
2685,WR  19a,Gaia DR3 5258563412384119168,10 18 53.3908707768,-58 07 52.973160852
2686,WR  20,Gaia DR3 5255494370519800832,10 19 18.4020394728,-59 09 38.849457528
2688,WR  20a,Gaia DR3 5255678160756667776,10 23 58.0126366512,-57 45 48.937268268
2689,WR  20aa,Gaia DR3 5255667681036173568,10 23 23.4905042448,-58 00 20.834862120
2690,WR  20b,Gaia DR3 5255677056923564544,10 24 18.3978418584,-57 48 29.776921704
2692,WR  21a,Gaia DR3 5351703390282380800,10 25 56.5024585224,-57 48 43.519215708
2694,WR  23,Gaia DR3 5350703315744983808,10 41 38.3243333544,-58 46 18.723223308
2696,WR  24,Gaia DR3 5254268071479968512,10 43 52.2579213120,-60 07 04.019676456
2699,WR  25,Gaia DR3 5350357519345171200,10 44 10.3890266112,-59 43 11.106500520
2700,WR  26,Gaia DR3 5351131506811580032,10 44 32.1161133312,-57 50 23.983274544
2702,WR  27,Gaia DR3 5350515505419614080,10 44 38.0518597224,-58 48 28.806098832
2705,WR  28,Gaia DR3 5350458670093520640,10 48 58.7233875624,-59 03 37.305467496
2706,WR  29,Gaia DR3 5338256844150504960,10 50 46.2934184640,-60 28 41.248002648
2709,WR  30,Gaia DR3 5241922754918453760,10 51 06.0016671120,-62 17 01.650146136
2710,WR  30a,Gaia DR3 5242117089256813568,10 51 38.9063499504,-60 56 34.909328328
2712,WR  31a,Gaia DR3 5338229115839425664,10 53 59.5777329720,-60 26 44.361095316
2713,WR  31c,Gaia DR3 5338030172959579008,10 57 42.8623263096,-60 34 00.455665584
2714,WR  32,Gaia DR3 5338166855999992448,10 59 52.9184180784,-59 52 43.399136676
2716,WR  33,Gaia DR3 5340433361753214336,11 00 00.7205444088,-57 48 59.277614904
2719,WR  34,Gaia DR3 5337916682731668992,11 00 06.4565444280,-61 26 30.107994972
2720,WR  35,Gaia DR3 5337926269099549056,11 00 21.8549644416,-61 13 52.417245540
2722,WR  35a,Gaia DR3 5338152837224212992,11 00 24.3374584656,-59 59 35.646240120
2723,WR  35b,Gaia DR3 5338141464150107008,11 01 02.0908384608,-60 14 01.029637428
2725,WR  36,Gaia DR3 5338564015865196800,11 02 32.9786756376,-59 26 20.909947272
2726,WR  37,Gaia DR3 5337185679290680320,11 05 13.9026194544,-61 20 41.185677192
2730,WR  38a,Gaia DR3 5337277763391663488,11 05 48.9639107880,-61 13 41.352428748
2731,WR  38b,Gaia DR3 5337278278787851136,11 06 18.5765821320,-61 14 13.746272892
2733,WR  39,Gaia DR3 5337278278787846784,11 06 18.7294130136,-61 14 18.439964196
2735,WR  41,Gaia DR3 5337259484009055616,11 07 54.0719507664,-61 27 40.800849552
2737,WR  42,Gaia DR3 5337255429559053824,11 10 04.0797150120,-60 58 44.963276664
2739,WR  42a,Gaia DR3 5337240002035340288,11 12 15.7421151480,-61 05 04.801691760
2740,WR  42b,Gaia DR3 5336895957960832000,11 13 03.6183802824,-62 14 18.426908760
2741,WR  42c,Gaia DR3 5337612324165433472,11 14 01.4808254568,-61 03 47.709141876
2746,WR  43b,Gaia DR3 5337418019842027904,11 15 07.4080492426,-61 15 38.613880686
2747,WR  43c,Gaia DR3 5337418019842028032,11 15 07.5851367565,-61 15 38.027795970
2748,WR  44,Gaia DR3 5339121811857056128,11 16 57.8368404744,-59 26 23.893309392
2750,WR  44a,Gaia DR3 5337353732769778176,11 18 43.1004271704,-61 26 35.869996464
2752,WR  45a,Gaia DR3 5334962226271784704,11 46 18.1512566088,-61 24 41.539355172
2753,WR  45b,Gaia DR3 5334802831445943680,11 48 46.0326730008,-62 23 02.658292656
2754,WR  45c,Gaia DR3 5334571178097948672,11 56 04.7544036936,-62 44 05.147567232
2755,WR  46,Gaia DR3 6057676201358478336,12 05 18.7204232424,-62 03 10.140656832
2757,WR  46a,Gaia DR3 6054132505411481984,12 13 02.3520128496,-63 42 25.395291360
2758,WR  47a,Gaia DR3 5862643935490696960,12 45 51.2507989248,-64 09 38.050552296
2759,WR  47b,Gaia DR3 5862698361319773184,12 48 07.6168964592,-63 38 39.807579048
2760,WR  47c,Gaia DR3 5862723203396880128,12 52 55.6812766440,-63 46 38.018010000
2761,WR  48,Gaia DR3 5858915766471945984,13 08 07.1531705448,-65 18 21.679426548
2762,WR  48a,Gaia DR3 5862502029749697280,13 12 39.6052790136,-62 42 55.939362876
2763,WR  48b,Gaia DR3 5862209147378793344,13 11 27.7090087224,-63 45 59.859252576
2764,WR  48c,Gaia DR3 5862235604379974016,13 12 52.3764011184,-63 23 45.851196156
2765,WR  49,Gaia DR3 5858741184645789184,13 13 51.3091810056,-65 18 08.898073056
2766,WR  50,Gaia DR3 5868490073153134592,13 18 01.0421567664,-62 26 04.755661116
2767,WR  51,Gaia DR3 5868477256969661824,13 18 23.3593835760,-62 28 21.220535604
2768,WR  53,Gaia DR3 5868384073377056384,13 30 53.2514208432,-62 04 51.858208308
2769,WR  56,Gaia DR3 5864204692281636864,13 33 45.3814542096,-64 07 31.276015824
2770,WR  56a,Gaia DR3 5868912491781014144,13 41 14.0324709288,-60 53 54.007666692
2771,WR  57,Gaia DR3 5850593970891000576,13 43 16.3587374232,-67 24 04.973391360
2772,WR  58,Gaia DR3 5851583256480676864,13 49 04.4895003144,-65 41 56.121812340
2773,WR  59,Gaia DR3 5865643433220067328,13 49 32.5623529944,-61 31 42.272175756
2775,WR  62a,Gaia DR3 5878338708038978304,14 32 37.6995368616,-61 29 54.128039280
2776,WR  62b,Gaia DR3 5877854957310171904,14 46 40.8534337992,-61 06 57.044678508
2777,WR  64,Gaia DR3 5881477813761075712,14 56 55.1950350600,-55 50 58.552425204
2778,WR  65,Gaia DR3 5876932844981435904,15 13 41.7103828152,-59 11 44.976787404
2779,WR  68a,Gaia DR3 5882956313277086336,15 23 16.6168588128,-57 44 19.786624512
2780,WR  69,Gaia DR3 5875086524484367232,15 24 11.3113204344,-62 40 37.578432792
2781,WR  70,Gaia DR3 5882096598319863936,15 29 44.6912765040,-58 34 51.250066032
2782,WR  70a,Gaia DR3 5980784844951253376,15 59 25.2858825984,-54 12 42.738286392
2783,WR  72,Gaia DR3 6010805807350513920,16 06 28.4800608552,-35 45 12.390299820
2784,WR  73,Gaia DR3 5990124062365822592,16 12 37.4736952008,-46 37 36.877616436
2785,WR  74,Gaia DR3 5934745299485840768,16 16 13.7935305271,-51 36 41.786124295
2786,WR  75,Gaia DR3 5934037012236694272,16 24 26.2279587024,-51 32 06.061114140
2787,WR  75a,Gaia DR3 5934577009808707200,16 26 37.2301537344,-50 19 22.928419884
2788,WR  75aa,Gaia DR3 5942388180949371904,16 26 20.1531685464,-45 59 45.714332076
2789,WR  75ab,Gaia DR3 5940491385980774528,16 33 48.7363493640,-49 28 44.010226092
2791,WR  75c,Gaia DR3 5944311432943167744,16 34 03.5829153744,-43 40 24.818581704
2792,WR  75d,Gaia DR3 5942909761801240576,16 34 17.4462409272,-46 08 52.981710792
2793,WR  76,Gaia DR3 5942970269284633856,16 40 05.2526282496,-45 41 12.672795516
2794,WR  77a,Gaia DR3 5940106689983759360,16 46 55.5364791576,-45 51 34.480934408
2795,WR  77aa,Gaia DR3 5940107106612387968,16 46 46.2846745152,-45 47 58.260872472
2796,WR  77b,Gaia DR3 5940105354265570688,16 46 59.9151721464,-45 55 25.670942256
2797,WR  77c,Gaia DR3 5940106655630578560,16 47 00.8820136008,-45 51 20.517977916
2798,WR  77d,Gaia DR3 5940106659927357696,16 47 01.5976561900,-45 51 45.244547387
2799,WR  77e,Gaia DR3 5940106763006638080,16 47 02.4735872095,-45 50 59.898935502
2800,WR  77f,Gaia DR3 5940106797374726784,16 47 02.9772955944,-45 50 19.713734556
2802,WR  77h,Gaia DR3 5940106797374720640,16 47 03.8075002560,-45 50 38.725374804
2803,WR  77i,Gaia DR3 5940106007100719872,16 47 03.9628130472,-45 51 37.672066152
2804,WR  77j,Gaia DR3 5940106007100722944,16 47 04.0152346631,-45 51 25.019757928
2805,WR  77k,Gaia DR3 5940106007092369152,16 47 04.2072122904,-45 51 07.177760892
2806,WR  77l,Gaia DR3 5940106007092347904,16 47 04.2489212873,-45 51 20.211867845
2807,WR  77m,Gaia DR3 5940106007092374272,16 47 04.4125871144,-45 51 03.606604135
2808,WR  77n,Gaia DR3 5940105904021494528,16 47 05.2114579896,-45 52 24.985725096
2809,WR  77o,Gaia DR3 5940106007100727936,16 47 05.3717585660,-45 51 04.811705369
2810,WR  77p,Gaia DR3 5940105899709768192,16 47 06.0667110144,-45 52 08.266249200
2811,WR  77q,Gaia DR3 5940106041452163840,16 47 05.9726730842,-45 50 23.072495547
2812,WR  77r,Gaia DR3 5940106007092333056,16 47 06.2554455566,-45 51 26.391243810
2813,WR  77s,Gaia DR3 5940106041452144896,16 47 06.5427725380,-45 50 39.068951194
2814,WR  77sa,Gaia DR3 5940199907954832768,16 47 07.6203489360,-45 49 22.068668640
2815,WR  77sb,Gaia DR3 5940105830996862208,16 47 07.6630825488,-45 52 35.964833052
2816,WR  77sc,Gaia DR3 5940106041452121472,16 47 08.3538521592,-45 50 45.414739212
2817,WR  77sd,Gaia DR3 5940199976670849152,16 47 14.1461547746,-45 48 31.963132544
2818,WR  77t,Gaia DR3 5964447648351695488,16 50 57.6345587232,-43 40 27.741198396
2819,WR  79,Gaia DR3 5966509541883497984,16 54 19.6991292072,-41 49 11.531710092
2820,WR  79a,Gaia DR3 5966563486675142912,16 54 58.5051071856,-41 09 03.093075612
2821,WR  79b,Gaia DR3 5964124353254695936,16 55 06.4499424072,-44 59 21.364771956
2822,WR  81,Gaia DR3 5963218085100054656,17 02 40.3826152512,-45 59 15.453237084
2823,WR  85,Gaia DR3 5972220130436920832,17 14 27.1191622584,-39 45 47.051105904
2824,WR  86,Gaia DR2 5978698590355238912,17 18 23.0613730,-34 24 30.630847
2825,WR  88,Gaia DR3 5978784313590016512,17 18 49.7249262168,-33 57 41.388161760
2826,WR  89,Gaia DR3 5972660411778306304,17 19 00.5232022104,-38 48 51.247595664
2827,WR  90,Gaia DR3 5952743072247166464,17 19 29.9012420376,-45 38 23.874269568
2828,WR  91,Gaia DR3 5972469577791009152,17 20 22.0229832912,-38 56 48.381120240
2829,WR  92,Gaia DR3 5952632262112862080,17 25 23.2779945960,-43 29 31.469964540
2830,WR 46-18,Gaia DR3 6054384023029223168,12 08 52.4855084865,-62 50 54.669173125
2831,WR 47-5,Gaia DR3 6055240641333628800,12 50 48.9756861426,-62 24 39.772009168
2833,WR 60-7,Gaia DR3 5866435047236526848,14 02 33.4367277951,-61 20 27.372338374
2836,WR 64-3,Gaia DR3 5879721167786590720,15 02 46.1486674681,-58 27 06.780177295
2837,WR 64-4,Gaia DR3 5879722512132456192,15 04 11.1691519413,-58 27 21.687616628
2838,WR 64-5,Gaia DR3 5880092291630768512,15 07 31.8558298811,-58 15 09.879051872
2839,WR 64-6,Gaia DR3 5880077688741091968,15 10 57.6542028023,-57 57 28.717292391
2840,WR 70-13,Gaia DR3 5883566881502595968,15 37 46.5131446551,-56 08 45.431598937
2841,WR 70-14,Gaia DR3 5885078984866033920,15 39 16.9634698853,-55 49 18.501837836
2843,WR 72-5,Gaia DR3 5981484198751444096,16 07 01.4638572707,-51 58 18.544424196
2846,WR 121-16,Gaia DR3 4254815437833064064,18 51 39.7102208376,-05 34 51.065712840
3102,WR 142b,Gaia DR3 2069091531258827648,20 28 14.5554514896,+43 39 25.483059360
3103,WR  93,Gaia DR3 5976045567560658560,17 25 08.8532916336,-34 11 12.498318168
3104,WR  93a,Gaia DR3 4061565338478409088,17 30 56.8048079808,-26 59 10.923214200
3105,WR  93b,Gaia DR3 5975043607541238016,17 32 03.3086687328,-35 04 32.620100844
3106,WR  96,Gaia DR3 4054545815728881536,17 36 24.4548433392,-32 54 31.436538840
3107,WR  97,Gaia DR3 4053667756967584128,17 36 53.6232746376,-34 02 36.778424604
3108,WR  98,Gaia DR3 4053745100746865152,17 37 13.7436747168,-33 27 56.013254280
3109,WR  98a,Gaia DR3 4056719657597352832,17 41 13.0411858104,-30 32 30.409373688
3110,WR  99,Gaia DR3 4060265200345451776,17 39 18.2709399528,-28 15 08.437669884
3112,WR 101,Gaia DR3 4055791772870099584,17 45 09.0032919288,-31 50 15.863119584
3147,WR 102,Gaia DR3 4067059872964459648,17 45 47.5405102320,-26 10 26.779355616
3185,WR 102l,Gaia DR3 4069477595953048448,18 00 34.3294458096,-22 47 39.930251136
3186,WR 104,Gaia DR3 4069167258796371712,18 02 04.1244400656,-23 37 42.168277056
3187,WR 105,Gaia DR3 4069167881581956864,18 02 23.4574037952,-23 34 37.491692196
3188,WR 106,Gaia DR3 4070111743597609216,18 04 43.6647313968,-21 09 30.555411624
3189,WR 107,Gaia DR3 4069911426323829888,18 04 46.0978039968,-21 51 27.175412880
3190,WR 107a,Gaia DR3 4069701935004293632,18 05 11.4904611624,-22 13 24.633678972
3191,WR 108,Gaia DR3 4069585661644839808,18 05 25.7344895280,-23 00 20.334949992
3192,WR 109,Gaia DR3 4038875335491155328,18 07 50.8972634088,-35 10 25.118702292
3193,WR 110,Gaia DR3 4095125220807894400,18 07 56.9609461704,-19 23 56.863324824
3194,WR 111,Gaia DR3 4094055597844775040,18 08 28.4692108104,-21 15 11.183076540
3198,WR 112,Gaia DR3 4094789697991379712,18 16 33.4909366272,-18 58 42.341845368
3199,WR 113,Gaia DR3 4153716198275554176,18 19 07.3629298440,-11 37 59.164994424
3200,WR 114,Gaia DR3 4152380330315696640,18 23 16.3427231112,-13 43 26.102574732
3201,WR 115,Gaia DR3 4104216429639420032,18 25 30.0135261024,-14 38 40.967308176
3202,WR 116,Gaia DR3 4153009457139196032,18 27 04.2926310240,-12 22 52.676112720
3203,WR 117,Gaia DR3 4255995179389985664,18 31 02.5170578472,-06 35 49.627098096
3204,WR 118,Gaia DR3 4155846540722266496,18 31 42.2111779224,-09 59 16.687233168
3205,WR 119,Gaia DR3 4155241083467432960,18 39 17.9035317744,-10 05 30.898013928
3206,WR 120,Gaia DR3 4256734875858811904,18 41 00.8670061488,-04 26 14.484137676
3207,WR 120bb,Gaia DR3 4258462655287419776,18 42 06.3107571528,-03 48 22.455821448
3208,WR 121,Gaia DR3 4258284534415364224,18 44 13.1526105048,-03 47 57.775268904
3211,WR 122,Gaia DR3 4266952014602177920,18 52 17.5478270448,+00 59 44.304835128
3212,WR 123,Gaia DR3 4254678995275751808,19 03 59.0233422072,-04 19 01.910240688
3213,WR 124,Gaia DR3 4513494205567536512,19 11 30.8749167768,+16 51 38.200938264
3214,WR 125,Gaia DR3 4515628288919542784,19 28 15.6142522320,+19 33 21.527693100
3215,WR 126,Gaia DR3 2022054350800575488,19 39 56.1963949728,+26 34 42.481553196
3216,WR 127,Gaia DR3 2028294667765054464,19 46 15.9393580368,+28 16 19.077099276
3217,WR 128,Gaia DR3 1821509378448652416,19 48 32.1967360032,+18 12 03.695582124
3218,WR 129,Gaia DR3 2032145466709678464,19 48 18.2649812592,+30 26 52.672284420
3219,WR 130,Gaia DR3 2030934212864924032,19 59 12.5931809928,+31 27 09.025581132
3220,WR 131,Gaia DR3 2034210349533480192,20 00 19.1223016752,+33 15 51.099973956
3221,WR 132,Gaia DR3 2034096172116995712,20 01 39.7320392256,+32 34 17.996341908
3222,WR 133,Gaia DR3 2059076148587289728,20 05 57.3244526328,+35 47 18.150756792
3223,WR 134,Gaia DR3 2059146654767199872,20 10 14.1928045152,+36 10 35.070683376
3224,WR 135,Gaia DR3 2058985262750809088,20 11 53.5274337792,+36 11 50.525765304
3225,WR 136,Gaia DR3 2061690233159124352,20 12 06.5418877464,+38 21 17.784181008
3226,WR 137,Gaia DR3 2060508777869902592,20 14 31.7666855880,+36 39 39.598210224
3227,WR 138,Gaia DR3 2060661846184974464,20 17 00.0260987184,+37 25 23.785483116
3228,WR 139,Gaia DR3 2061291595788070656,20 19 32.4229160448,+38 43 53.959035756
3229,WR 140,Gaia DR3 2081261372633822592,20 20 27.9757908696,+43 51 16.286840244
3230,WR 141,Gaia DR3 2057563358004716928,20 21 31.7290073688,+36 55 12.773070696
3231,WR 142,Gaia DR3 2057966393428544128,20 21 44.3438785440,+37 22 30.544989960
3232,WR 142a,Gaia DR3 2068434332539101056,20 24 06.1899117528,+41 25 33.826109808
3233,WR 143,Gaia DR3 2064136925704910080,20 28 22.6636321896,+38 37 18.977440692
3234,WR 144,Gaia DR3 2067824545964503168,20 32 03.0201049320,+41 15 20.499732216
3235,WR 145,Gaia DR3 2067745076187793024,20 32 06.2786571432,+40 48 29.527101576
3237,WR 146,Gaia DR3 2067867358199590400,20 35 47.0859278605,+41 22 44.703520146
3238,WR 147,Gaia DR3 2064671253991921408,20 36 43.6322747712,+40 21 07.442607924
3239,WR 148,Gaia DR3 2182307453299864064,20 41 21.5485520640,+52 35 15.142636896
3240,WR 149,Gaia DR3 2165537770680635904,21 07 11.6933616840,+48 25 36.238552680
3241,WR 150,Gaia DR3 1980522738604744704,21 50 05.5725399960,+50 42 24.715501200
3242,WR 151,Gaia DR3 2198726735325037440,22 09 33.4430950032,+57 44 30.527883600
3243,WR 152,Gaia DR3 2006109684151966720,22 16 24.0318845736,+55 37 36.767570232
3244,WR 153,Gaia DR3 2006219978921880192,22 18 45.6057566664,+56 07 33.898679364
3245,WR 154,Gaia DR3 2007494038022005248,22 27 17.8187635824,+56 15 11.770681752
3246,WR 155,Gaia DR3 2006888825592397440,22 36 53.9548302648,+56 54 20.989190232
3247,WR 156,Gaia DR3 2014674226896884864,23 00 10.1253892224,+60 55 38.410870260
3248,WR 157,Gaia DR3 2013906561629759232,23 15 12.5454190406,+60 27 01.000751310
3249,WR 158,Gaia DR3 2012912500041834752,23 43 30.5960809392,+61 55 48.139591872
3250,WR 159,Gaia DR3 2016055591466867712,23 47 20.3859297600,+63 13 14.245862124
3251,WR 160,Gaia DR2 1978805267094491904,21 40 54.3746778270,+48 39 43.050172674
