,WR#,Alias1,Right Ascension J2000,Declination J2000
0,1,Gaia DR3 524101256981955200,00 43 28.39,+64 45 35.4
1,2,Gaia DR3 426378793809476096,01 05 23.03,+60 25 18.9
2,3,Gaia DR3 508955656105078912,01 38 55.62,+58 09 22.6
3,3-1,Gaia DR3 512856654641310976,01 40 32.96,+63 42 22.9
4,4,Gaia DR3 454818035714964992,02 41 11.67,+56 43 49.8
5,5,Gaia DR3 460606178458202496,02 52 11.66,+56 56 07.1
6,6,Gaia DR3 2922367976673391232,06 54 13.04,-23 55 42.0
7,7,Gaia DR3 3032940844556081408,07 18 29.13,-13 13 01.5
8,7a,Gaia DR3 5617746515133032448,07 20 22.36,-23 43 56.5
9,8,Gaia DR3 5595121310305893760,07 44 58.22,-31 54 29.5
10,9,Gaia DR3 5588584477463342592,07 45 50.40,-34 19 48.5
11,10,Gaia DR3 5597770416085979648,07 59 46.24,-28 44 03.0
13,12,Gaia DR3 5329864237502044160,08 44 47.29,-45 58 55.4
14,13,Gaia DR3 5331491785272445952,08 49 52.95,-45 10 24.0
15,14,Gaia DR3 5328783280128054784,08 54 59.16,-47 35 32.6
16,15,Gaia DR3 5325632526471160832,09 13 11.76,-50 06 25.5
17,15-1,Gaia DR3 5307761476805186816,09 49 01.52,-55 28 33.0
18,16,Gaia DR3 5259375577836135168,09 54 52.89,-57 43 38.2
19,17,Gaia DR3 5256443042906853504,10 10 31.90,-60 38 42.4
20,17-1,Gaia DR3 5258739853951492352,10 16 26.21,-57 28 05.7
21,18,Gaia DR3 5258583929469166720,10 17 02.26,-57 54 46.8
22,19,Gaia DR3 5258557987863082624,10 18 04.98,-58 16 26.2
23,19a,Gaia DR3 5258563412384119168,10 18 53.38,-58 07 52.9
24,20,Gaia DR3 5255494370519800832,10 19 18.39,-59 09 38.8
25,20-2,Gaia DR3 5255667681036173568,10 23 23.48,-58 00 20.8
26,20-1,Gaia DR3 5255679638225357952,10 23 28.79,-57 46 29.4
27,20a,Gaia DR3 5255678160756667776,10 23 58.00,-57 45 48.9
28,20b,Gaia DR3 5255677056923564544,10 24 18.39,-57 48 29.7
29,20-3,Gaia DR3 5351766715283439104,10 25 02.60,-57 21 47.3
30,21a,Gaia DR3 5351703390282380800,10 25 56.49,-57 48 43.5
31,21,Gaia DR3 5255569549619300096,10 26 31.40,-58 38 26.1
32,22,Gaia DR3 5350370026290390912,10 41 17.50,-59 40 36.8
33,23,Gaia DR3 5350703315744983808,10 41 38.31,-58 46 18.7
34,24,Gaia DR3 5254268071479968512,10 43 52.24,-60 07 04.0
35,25,Gaia DR3 5350357519345171200,10 44 10.37,-59 43 11.1
36,26,Gaia DR3 5351131506811580032,10 44 32.11,-57 50 23.9
37,27,Gaia DR3 5350515505419614080,10 44 38.04,-58 48 28.8
38,28,Gaia DR3 5350458670093520640,10 48 58.71,-59 03 37.3
39,29,Gaia DR3 5338256844150504960,10 50 46.28,-60 28 41.2
40,30,Gaia DR3 5241922754918453760,10 51 05.99,-62 17 01.6
41,30a,Gaia DR3 5242117089256813568,10 51 38.89,-60 56 34.9
42,31,Gaia DR3 5338422591176599040,10 53 44.81,-59 30 46.6
43,31a,Gaia DR3 5338229115839425664,10 53 59.57,-60 26 44.3
44,31b,Gaia DR3 5338220285385672064,10 56 11.57,-60 27 12.8
45,31c,Gaia DR3 5338030172959579008,10 57 42.85,-60 34 00.4
46,31-1,Gaia DR3 5337974815066189184,10 59 00.86,-60 08 50.1
47,32,Gaia DR3 5338166855999992448,10 59 52.91,-59 52 43.4
48,33,Gaia DR3 5340433361753214336,11 00 00.71,-57 48 59.2
49,34,Gaia DR3 5337916682731668992,11 00 06.45,-61 26 30.1
50,35,Gaia DR3 5337926269099549056,11 00 21.84,-61 13 52.4
51,35a,Gaia DR3 5338152837224212992,11 00 24.33,-59 59 35.6
52,35b,Gaia DR3 5338141464150107008,11 01 02.08,-60 14 01.0
53,36,Gaia DR3 5338564015865196800,11 02 32.97,-59 26 20.9
54,37,Gaia DR3 5337185679290680320,11 05 13.89,-61 20 41.1
55,38,Gaia DR3 5337277763391646336,11 05 46.43,-61 13 48.6
56,38a,Gaia DR3 5337277763391663488,11 05 48.95,-61 13 41.3
57,40,Gaia DR3 5240040631514998272,11 06 17.20,-65 30 35.3
58,38b,Gaia DR3 5337278278787851136,11 06 18.56,-61 14 13.7
59,39,Gaia DR3 5337278278787846784,11 06 18.72,-61 14 18.4
60,41,Gaia DR3 5337259484009055616,11 07 54.06,-61 27 40.8
61,42,Gaia DR3 5337255429559053824,11 10 04.07,-60 58 44.9
62,42a,Gaia DR3 5337240002035340288,11 12 15.73,-61 05 04.8
63,42b,Gaia DR3 5336895957960832000,11 13 03.61,-62 14 18.4
64,42c,Gaia DR3 5337612324165433472,11 14 01.47,-61 03 47.7
65,42d,Gaia DR3 5337421730693859840,11 14 38.63,-61 11 16.3
66,42-1,Gaia DR3 5337420974779493248,11 14 45.50,-61 15 00.3
68,43-2,Gaia DR3 5337417985482248576,11 15 07.57,-61 16 54.7
71,43-3,Gaia DR3 5337456262235600512,11 15 15.36,-60 51 17.7
72,43-1,Gaia DR3 5337028582240085888,11 16 03.52,-61 26 58.3
73,44,Gaia DR3 5339121811857056128,11 16 57.83,-59 26 23.8
74,44a,Gaia DR3 5337353732769778176,11 18 43.10,-61 26 35.9
75,44-1,Gaia DR3 5337356550268311168,11 19 43.01,-61 27 12.3
76,45,Gaia DR3 5334118346751491200,11 38 05.08,-62 16 01.9
77,45-1,Gaia DR3 5333338247595163136,11 42 37.64,-62 41 19.2
78,45-2,Gaia DR3 5333281038625611392,11 46 06.64,-62 47 12.7
79,45a,Gaia DR3 5334962226271784704,11 46 18.14,-61 24 41.5
80,45b,Gaia DR3 5334802831445943680,11 48 46.02,-62 23 02.6
81,45-3,Gaia DR3 5333291106030306688,11 50 04.23,-62 52 15.4
82,45-4,Gaia DR3 5334571281177102080,11 55 52.10,-62 45 02.3
83,45-5,Gaia DR3 5333031827450024320,11 56 03.75,-63 18 54.4
84,45c,Gaia DR3 5334571178097948672,11 56 04.74,-62 44 05.1
85,45-6,Gaia DR3 5334579768033444224,11 56 20.50,-62 34 37.8
86,46,Gaia DR3 6057676201358478336,12 05 18.71,-62 03 10.1
87,46-1,Gaia DR3 6057398432929770752,12 06 56.47,-62 38 30.4
88,46-18,Gaia DR3 6054384023029223168,12 08 52.47,-62 50 54.6
89,46-7,Gaia DR3 6054478581036542720,12 10 07.95,-62 44 19.4
90,46-8,Gaia DR3 6054457174893385728,12 11 02.55,-62 57 47.6
91,46-16,Gaia DR3 6054388829058029312,12 11 54.06,-63 17 03.8
92,46-9,Gaia DR3 6054469643164086016,12 12 16.80,-62 46 14.6
93,46-17,Gaia DR3 6054470094180542336,12 12 41.12,-62 42 30.7
94,46a,Gaia DR3 6054132505411481984,12 13 02.34,-63 42 25.4
95,46-10,Gaia DR3 6054468822847266048,12 13 28.27,-62 41 43.0
96,46-2,Gaia DR3 6054397075394503040,12 13 38.78,-63 08 58.1
97,46-3,Gaia DR3 6054402164972278528,12 14 31.53,-62 58 54.3
98,46-4,Gaia DR3 6054402160638288000,12 14 31.71,-62 58 52.1
99,46-5,Gaia DR3 6054402164972282240,12 14 33.08,-62 58 51.0
100,46-6,Gaia DR3 6054402160643310208,12 14 33.90,-62 58 48.7
101,46-15,Gaia DR3 6054440132486872832,12 15 12.48,-62 46 43.9
102,46-11,Gaia DR3 6053731497237581568,12 28 41.90,-63 25 46.1
103,46-12,Gaia DR3 6053747229666708864,12 28 50.98,-63 17 00.1
104,46-13,Gaia DR3 6053899825584290432,12 30 03.86,-62 50 17.1
105,46-14,Gaia DR3 6053591923647688064,12 38 18.75,-63 24 19.7
106,47,Gaia DR3 6055101523064612864,12 43 50.99,-63 05 14.8
107,47a,Gaia DR3 5862643935490696960,12 45 51.24,-64 09 38.0
108,47-1,Gaia DR3 5862973720242127744,12 46 16.13,-62 57 23.5
109,47b,Gaia DR3 5862698361319773184,12 48 07.60,-63 38 39.8
110,47-5,Gaia DR3 6055240641333628800,12 50 48.96,-62 24 39.8
111,47c,Gaia DR3 5862723203396880128,12 52 55.67,-63 46 38.0
112,47-2,Gaia DR3 5862754470762223488,12 55 44.24,-63 35 50.1
113,47-6,Gaia DR3 5861676086032316288,12 56 45.51,-64 44 45.4
114,47-3,Gaia DR3 5862310195003201152,13 03 11.06,-63 42 16.4
116,48,Gaia DR3 5858915766471945984,13 08 07.14,-65 18 21.7
117,48-1,Gaia DR3 5862512097153573120,13 10 12.06,-62 39 06.6
118,48b,Gaia DR3 5862209147378793344,13 11 27.69,-63 45 59.9
121,48-6,Gaia DR3 5862501922341768704,13 12 09.05,-62 43 26.7
122,48-3,Gaia DR3 5862503163620954752,13 12 21.30,-62 40 12.50
123,48-10,Gaia DR3 5862502338987191552,13 12 24.97,-62 42 00.2
124,48-7,Gaia DR3 5862501617432628608,13 12 25.46,-62 44 41.8
125,48-4,Gaia DR3 5862501613104119424,13 12 27.65,-62 44 22.0
126,48-8,Gaia DR3 5862502338987197312,13 12 28.49,-62 41 51.0
127,48-9,Gaia DR3 5862502338987201408,13 12 28.55,-62 41 43.8
128,48a,Gaia DR3 5862502029749697280,13 12 39.59,-62 42 55.9
129,48-5,Gaia DR3 5862430969485396224,13 12 45.33,-63 05 52.0
130,48c,Gaia DR3 5862235604379974016,13 12 52.36,-63 23 45.9
131,48-2,Gaia DR3 5862525634891347968,13 12 57.69,-62 40 59.9
132,49,Gaia DR3 5858741184645789184,13 13 51.30,-65 18 08.9
133,49-1,Gaia DR3 5862536011533348992,13 14 57.04,-62 23 53.3
134,50,Gaia DR3 5868490073153134592,13 18 01.03,-62 26 04.8
135,51,Gaia DR3 5868477256969661824,13 18 23.35,-62 28 21.2
136,52,Gaia DR3 6062353145875545600,13 18 27.90,-58 08 13.7
138,52-2,Gaia DR3 5868410289859556480,13 28 15.87,-62 06 23.6
139,53,Gaia DR3 5868384073377056384,13 30 53.24,-62 04 51.9
140,54,Gaia DR3 5864010933331665280,13 32 43.74,-65 01 27.9
141,55,Gaia DR3 5865360897441115904,13 33 30.10,-62 19 01.2
142,56,Gaia DR3 5864204692281636864,13 33 45.37,-64 07 31.3
143,56-2,Gaia DR3 5865749780941355904,13 35 01.91,-61 58 38.4
144,56a,Gaia DR3 5868912491781014144,13 41 14.01,-60 53 54.0
146,57,Gaia DR3 5850593970891000576,13 43 16.35,-67 24 05.1
148,58,Gaia DR3 5851583256480676864,13 49 04.47,-65 41 56.2
149,59,Gaia DR3 5865643433220067328,13 49 32.55,-61 31 42.3
151,59-2,Gaia DR3 5867065376634816896,13 54 13.43,-61 50 01.9
152,60,Gaia DR3 5867123139651286528,13 55 48.44,-61 09 48.5
154,60-7,Gaia DR3 5866435047236526848,14 02 33.42,-61 20 27.4
156,60-5,Gaia DR3 5866501365851281024,14 06 03.60,-60 27 29.6
160,60-2,Gaia DR3 5866506721648610816,14 12 36.53,-61 45 32.8
161,61,Gaia DR3 5852718536596531968,14 13 03.51,-65 26 52.8
162,61-2,Gaia DR3 5866543937556567296,14 16 27.37,-61 17 56.20
163,61-3,Gaia DR3 5866654507192171904,14 20 30.74,-60 48 22.2
164,61-1,Gaia DR3 5866708280185028992,14 21 23.13,-60 18 04.1
165,62,Gaia DR3 5878402612822904704,14 31 06.13,-61 20 59.7
166,62a,Gaia DR3 5878338708038978304,14 32 37.69,-61 29 54.2
167,62-2,Gaia DR3 5879035145561896448,14 46 26.37,-59 23 29.2
168,62b,Gaia DR3 5877854957310171904,14 46 40.84,-61 06 57.1
169,62-1,Gaia DR3 5879035832756714112,14 46 53.56,-59 19 38.3
170,63,Gaia DR3 5878214222686129408,14 50 58.31,-59 51 26.70
171,64,Gaia DR3 5881477813761075712,14 56 55.18,-55 50 58.6
174,64-3,Gaia DR3 5879721167786590720,15 02 46.14,-58 27 06.8
175,64-4,Gaia DR3 5879722512132456192,15 04 11.16,-58 27 21.7
176,64-5,Gaia DR3 5880092291630768512,15 07 31.84,-58 15 09.9
177,64-6,Gaia DR3 5880077688741091968,15 10 57.65,-57 57 28.5
178,65,Gaia DR3 5876932844981435904,15 13 41.70,-59 11 45.0
179,66,Gaia DR3 5876711014185935232,15 14 57.71,-59 50 30.2
180,67,Gaia DR3 5876955556746594048,15 15 32.62,-59 02 30.7
181,67-3,Gaia DR3 5877142611191579904,15 15 39.42,-58 08 16.1
182,67-1,Gaia DR3 5877138831615057792,15 16 36.95,-58 09 58.8
183,67-4,Gaia DR3 5876717993562192768,15 16 59.19,-59 36 37.5
184,67-2,Gaia DR3 5877171164129749504,15 17 46.29,-57 56 59.3
185,68,Gaia DR3 5876692803522748928,15 18 20.75,-59 38 17.4
186,68-1,Gaia DR3 5883143260293256064,15 20 35.91,-57 27 12.0
187,68a,Gaia DR3 5882956313277086336,15 23 16.60,-57 44 19.9
188,69,Gaia DR3 5875086524484367232,15 24 11.30,-62 40 37.6
189,70,Gaia DR3 5882096598319863936,15 29 44.68,-58 34 51.3
190,70-1,Gaia DR3 5883559253643620864,15 35 26.52,-56 04 12.4
191,70-17,Gaia DR3 5883543486825643648,15 37 10.77,-56 13 18.5
192,70-13,Gaia DR3 5883566881502595968,15 37 46.50,-56 08 45.5
193,70-14,Gaia DR3 5885078984866033920,15 39 17.02,-55 49 18.9
194,70-3,Gaia DR3 5884464430895359616,15 43 04.66,-55 11 12.8
196,70-5,Gaia DR3 5884424092561607168,15 48 42.10,-55 07 54.3
202,70a,Gaia DR3 5980784844951253376,15 59 25.28,-54 12 42.8
203,70-2,Gaia DR3 5981624837477220992,15 59 56.71,-51 59 30.0
205,70-11,Gaia DR3 5981436099432247808,16 00 25.26,-52 03 29.6
206,70-12,Gaia DR3 5981056802278006144,16 00 26.31,-52 11 10.73
207,70-16,Gaia DR3 5981635832593607040,16 00 50.49,-51 42 45.3
208,71,Gaia DR3 5829299664809018880,16 03 49.33,-62 41 36.1
209,71-1,Gaia DR3 5932918014247209472,16 04 03.78,-53 10 44.5
210,72-5,Gaia DR3 5981484198751444096,16 07 01.46,-51 58 18.6
213,72-1,Gaia DR3 5933406236095064960,16 11 39.26,-52 05 45.9
214,72-2,Gaia DR3 5934986165584098048,16 11 43.70,-51 10 16.7
215,73,Gaia DR3 5990124062365822592,16 12 37.47,-46 37 36.9
217,74,Gaia DR3 5934745299485840768,16 16 13.79,-51 36 41.8
218,74-4,Gaia DR3 5935620137100518016,16 19 40.16,-49 13 59.7
223,75,Gaia DR3 5934037012236694272,16 24 26.22,-51 32 06.1
224,75-1,Gaia DR3 5941455760690440448,16 24 58.87,-48 56 52.5
226,75aa,Gaia DR3 5942388180949371904,16 26 20.14,-45 59 45.8
227,75a,Gaia DR3 5934577009808707200,16 26 37.23,-50 19 23.0
229,75b,Gaia DR3 5941555884987750144,16 28 17.23,-48 17 40.8
251,75ab,Gaia DR3 5940491385980774528,16 33 48.73,-49 28 44.1
252,75c,Gaia DR3 5944311432943167744,16 34 03.58,-43 40 24.9
253,75d,Gaia DR3 5942909761801240576,16 34 17.44,-46 08 53.1
260,75-23,Gaia DR3 5942844680092000256,16 37 23.98,-46 26 28.8
262,76,Gaia DR3 5942970269284633856,16 40 05.25,-45 41 12.7
274,77,Gaia DR3 5941013958888446592,16 41 19.25,-48 01 59.2
275,77-5,Gaia DR3 5943094788943803904,16 43 40.37,-45 57 57.7
276,77-1,Gaia DR3 5943179829303158656,16 44 10.68,-45 24 24.6
277,77aa,Gaia DR3 5940107106612387968,16 46 46.28,-45 47 58.3
278,77-2,Gaia DR3 5943206251936707456,16 46 53.42,-45 35 59.0
279,77a,Gaia DR3 5940106689983759360,16 46 55.53,-45 51 34.5
280,77b,Gaia DR3 5940105354265570688,16 46 59.91,-45 55 25.7
281,77c,Gaia DR3 5940106655630578560,16 47 00.88,-45 51 20.6
282,77d,Gaia DR3 5940106659927357696,16 47 01.59,-45 51 45.3
283,77e,Gaia DR3 5940106763006638080,16 47 02.47,-45 51 00.10
284,77f,Gaia DR3 5940106797374726784,16 47 02.97,-45 50 19.8
286,77h,Gaia DR3 5940106797374720640,16 47 03.80,-45 50 38.8
287,77i,Gaia DR3 5940106007100719872,16 47 03.96,-45 51 37.7
288,77j,Gaia DR3 5940106007100722944,16 47 04.01,-45 51 25.1
289,77k,Gaia DR3 5940106007092369152,16 47 04.19,-45 51 07.40
290,77l,Gaia DR3 5940106007092347904,16 47 04.22,-45 51 20.20
291,77m,Gaia DR3 5940106007092374272,16 47 04.41,-45 51 03.7
292,77n,Gaia DR3 5940105904021494528,16 47 05.21,-45 52 25.0
293,77o,Gaia DR3 5940106007100727936,16 47 05.37,-45 51 04.9
294,77p,Gaia DR3 5940105899709768192,16 47 06.06,-45 52 08.3
295,77q,Gaia DR3 5940106041452163840,16 47 06.10,-45 50 22.5
296,77r,Gaia DR3 5940106007092333056,16 47 06.25,-45 51 26.5
297,77s,Gaia DR3 5940106041452144896,16 47 06.54,-45 50 39.1
298,77sa,Gaia DR3 5940199907954832768,16 47 07.62,-45 49 22.1
299,77sb,Gaia DR3 5940105830996862208,16 47 07.66,-45 52 36.0
300,77sc,Gaia DR3 5940106041452121472,16 47 08.35,-45 50 45.5
301,77sd,Gaia DR3 5940199976670849152,16 47 14.14,-45 48 32.0
302,77-3,Gaia DR3 5940101437255609984,16 47 46.03,-45 59 04.9
303,77-8,Gaia DR3 5967906059105052800,16 48 01.37,-42 47 38.3
305,77t,Gaia DR3 5964447648351695488,16 50 57.63,-43 40 27.8
306,77-6,Gaia DR3 5964827495242056704,16 51 19.33,-43 26 55.3
308,78,Gaia DR3 5968019618048049664,16 52 19.25,-41 51 16.3
310,79,Gaia DR3 5966509541883497984,16 54 19.70,-41 49 11.6
311,79a,Gaia DR3 5966563486675142912,16 54 58.50,-41 09 03.1
312,79b,Gaia DR3 5964124353254695936,16 55 06.45,-44 59 21.4
313,80,Gaia DR3 5964033098110548736,16 59 02.19,-45 43 10.1
314,80-1,Gaia DR3 5939094009724936320,16 59 33.96,-47 05 36.6
315,81,Gaia DR3 5963218085100054656,17 02 40.38,-45 59 15.5
316,82,Gaia DR3 5963639571706070400,17 04 04.63,-45 12 15.1
317,82-2,Gaia DR3 5972994594597225216,17 07 23.95,-39 19 54.5
319,83,Gaia DR3 5951318036426102656,17 10 54.63,-46 36 00.6
320,83-1,Gaia DR3 5972183468571843712,17 11 00.81,-39 49 31.4
321,84,Gaia DR3 5972179719043340800,17 11 21.70,-39 53 22.0
322,84-2,Gaia DR3 5973057438557915776,17 11 28.52,-39 13 16.8
327,84-4,Gaia DR3 5972950373611106560,17 11 46.13,-39 20 27.8
328,84-11,Gaia DR3 5972068668365594880,17 12 34.87,-40 37 13.7
329,84-12,Gaia DR3 5973042973103939968,17 12 41.98,-39 14 14.2
331,84-8,Gaia DR3 5973487970401341696,17 14 24.71,-38 09 49.35
332,84-9,Gaia DR3 5973487970376696320,17 14 25.40,-38 09 50.5
333,84-10,Gaia DR3 5973487970401339904,17 14 25.65,-38 09 53.8
334,85,Gaia DR3 5972220130436920832,17 14 27.12,-39 45 47.1
336,86,Gaia DR3 5978698590355238912,17 18 23.06,-34 24 30.60
337,88,Gaia DR3 5978784313590016512,17 18 49.73,-33 57 41.4
338,87,Gaia DR3 5972658869920060544,17 18 52.87,-38 50 03.6
339,89,Gaia DR3 5972660411778306304,17 19 00.52,-38 48 51.3
340,90,Gaia DR3 5952743072247166464,17 19 29.90,-45 38 23.9
341,91,Gaia DR3 5972469577791009152,17 20 22.02,-38 56 48.4
343,93,Gaia DR3 5976045567560658560,17 25 08.85,-34 11 12.6
344,92,Gaia DR3 5952632262112862080,17 25 23.28,-43 29 31.5
345,93a,Gaia DR3 4061565338478409088,17 30 56.80,-26 59 11.0
346,93b,Gaia DR3 5975043607541238016,17 32 03.31,-35 04 32.7
347,94,Gaia DR3 4054407689583282432,17 33 07.83,-33 38 25.0
349,94-3,Gaia DR3 4054404631566479616,17 33 41.28,-33 39 48.4
350,94-4,Gaia DR3 4053636485258105472,17 35 36.42,-33 55 57.7
352,95,Gaia DR3 4053759222599074048,17 36 19.89,-33 26 12.3
353,96,Gaia DR3 4054545815728881536,17 36 24.45,-32 54 31.5
354,97,Gaia DR3 4053667756967584128,17 36 53.62,-34 02 36.8
355,98,Gaia DR3 4053745100746865152,17 37 13.74,-33 27 56.0
356,98-2,Gaia DR3 4054313307684820736,17 40 59.36,-32 11 22.5
357,98a,Gaia DR3 4056719657597352832,17 41 13.04,-30 32 30.4
358,98-1,Gaia DR3 4056952612330664064,17 41 13.51,-30 03 41.1
359,100,Gaia DR3 4054149755376098176,17 42 09.76,-32 33 24.9
366,101,Gaia DR3 4055791772870099584,17 45 09.01,-31 50 15.9
420,102,Gaia DR3 4067059872964459648,17 45 47.54,-26 10 26.8
480,102-19,Gaia DR3 4067776552713332096,17 55 20.21,-24 07 38.4
483,102-20,Gaia DR3 4069024395312085888,17 59 02.85,-24 20 50.7
484,102-24,Gaia DR3 4069511341526393984,17 59 07.99,-22 36 43.0
485,102-31,Gaia DR3 4070776913789160576,17 59 19.86,-21 21 59.7
486,102-25,Gaia DR3 4044123789831722240,17 59 35.60,-30 51 32.5
487,102-21,Gaia DR3 4069557997737704960,17 59 48.22,-22 14 52.3
488,102l,Gaia DR3 4069477595953048448,18 00 34.33,-22 47 39.9
489,103,Gaia DR3 4042922573453831936,18 01 43.15,-32 42 55.2
490,104,Gaia DR3 4069167258796371712,18 02 04.12,-23 37 42.2
491,105,Gaia DR3 4069167881581956864,18 02 23.46,-23 34 37.5
493,105-2,Gaia DR3 4069857447172870400,18 03 28.36,-22 22 59.0
494,106,Gaia DR3 4070111743597609216,18 04 43.66,-21 09 30.6
495,107,Gaia DR3 4069911426323829888,18 04 46.10,-21 51 27.2
496,107-1,Gaia DR3 4070884386721226240,18 04 52.43,-20 37 48.6
497,107a,Gaia DR3 4069701935004293632,18 05 11.49,-22 13 24.7
498,108,Gaia DR3 4069585661644839808,18 05 25.73,-23 00 20.4
500,108-1,Gaia DR3 4094936822058475136,18 07 05.16,-20 15 16.7
501,109,Gaia DR3 4038875335491155328,18 07 50.90,-35 10 25.2
502,110,Gaia DR3 4095125220807894400,18 07 56.96,-19 23 56.9
503,111,Gaia DR3 4094055597844775040,18 08 28.47,-21 15 11.2
509,111-14,Gaia DR3 4094175552005597440,18 09 20.41,-20 18 57.2
510,111-1,Gaia DR3 4094266669719378560,18 09 45.06,-20 17 10.4
511,111-9,Gaia DR3 4095697138661210368,18 12 02.42,-18 06 55.3
512,111-5,Gaia DR3 4095672915045892992,18 12 41.10,-18 26 30.4
513,111-6,Gaia DR3 4095702533139975168,18 12 57.19,-18 01 26.3
514,111-2,Gaia DR3 4095729947892337408,18 13 14.20,-17 53 43.5
515,111-4,Gaia DR3 4095728440383641344,18 13 22.49,-17 53 50.3
516,111-13,Gaia DR3 4095711943401184512,18 13 34.82,-18 05 41.5
517,111-3,Gaia DR3 4097435741411560704,18 13 42.47,-17 28 12.3
518,115-15,Gaia DR3 4094631265217282176,18 14 12.97,-19 46 02.0
519,111-10,Gaia DR3 4097438485888595584,18 14 14.11,-17 21 02.8
521,111-12,Gaia DR3 4095618626655831808,18 14 32.98,-18 25 14.8
523,112,Gaia DR3 4094789697991379712,18 16 33.49,-18 58 42.4
524,113,Gaia DR3 4153716198275554176,18 19 07.36,-11 37 59.2
525,113-1,Gaia DR3 4098014389460991872,18 19 22.19,-16 03 12.5
526,113-4,Gaia DR3 4152844491726272640,18 21 02.93,-12 27 45.7
527,113-3,Gaia DR3 4152553773976467712,18 22 59.08,-13 12 31.3
528,113-2,Gaia DR3 4152555461890047744,18 23 03.43,-13 10 00.5
529,114,Gaia DR3 4152380330315696640,18 23 16.34,-13 43 26.1
530,114-2,Gaia DR3 4153253750568925568,18 23 32.32,-12 03 58.7
531,114-3,Gaia DR3 4153250864340865408,18 24 46.31,-11 54 27.4
532,114-1,Gaia DR3 4154273822474507136,18 25 00.23,-10 33 23.7
533,115,Gaia DR3 4104216429639420032,18 25 30.01,-14 38 41.0
534,115-1,Gaia DR3 4152476297066998784,18 25 53.09,-13 28 32.3
535,115-2,Gaia DR3 4152582537378774656,18 25 53.62,-12 50 03.2
536,115-3,Gaia DR3 4152574080574698752,18 26 06.12,-13 04 10.6
537,116,Gaia DR3 4153009457139196032,18 27 04.29,-12 22 52.7
538,116-5,Gaia DR3 4270060750589532288,18 27 10.29,-02 57 19.8
539,116-6,Gaia DR3 4155804072101352704,18 28 06.09,-10 05 01.5
540,116-1,Gaia DR3 4155723842108658560,18 28 11.80,-10 25 42.4
542,116-2,Gaia DR3 4156611555997469824,18 29 33.84,-08 39 02.2
543,116-3,Gaia DR3 4154990742729141376,18 30 53.20,-10 19 37.2
544,117,Gaia DR3 4255995179389985664,18 31 02.51,-06 35 49.7
546,117-1,Gaia DR3 4155087293585479552,18 31 16.53,-10 09 25.1
547,118,Gaia DR3 4155846540722266496,18 31 42.21,-09 59 16.8
548,118-4,Gaia DR3 4156266554151949312,18 33 47.63,-09 23 07.9
551,118-2,Gaia DR3 4252915412949859072,18 36 16.68,-07 04 59.4
552,118-3,Gaia DR3 4252915412949854208,18 36 17.28,-07 05 07.1
553,118-10,Gaia DR3 4253040688579755776,18 36 55.53,-06 31 02.1
554,118-12,Gaia DR3 4256868152952578304,18 37 07.44,-04 25 48.8
555,118-5,Gaia DR3 4256082556192380672,18 37 51.49,-06 08 41.8
558,118-6,Gaia DR3 4252854660635487360,18 38 27.21,-07 10 45.2
560,119,Gaia DR3 4155241083467432960,18 39 17.90,-10 05 31.0
561,119-2,Gaia DR3 4256472195660012416,18 39 34.58,-05 44 23.1
564,119-3,Gaia DR3 4252976504557162496,18 39 42.53,-06 41 46.4
565,119-1,Gaia DR3 4258531164287499648,18 40 08.65,-03 29 31.2
566,119-6,Gaia DR3 4256582765305121536,18 40 14.97,-05 03 20.1
567,119-7,Gaia DR3 4155352413393546112,18 40 35.23,-09 41 39.5
568,120,Gaia DR3 4256734875858811904,18 41 00.87,-04 26 14.5
569,120-16,Gaia DR3 4259329787695623936,18 41 06.81,-02 56 01.3
570,120-1,Gaia DR3 4256685947587790336,18 41 10.70,-04 51 27.1
571,120-11,Gaia DR3 4253496603619009792,18 41 23.35,-05 40 58.2
572,120-7,Gaia DR3 4256626608314233344,18 41 34.07,-05 04 01.3
574,120-8,Gaia DR3 4258443070236412928,18 42 02.55,-03 56 26.3
575,120-3,Gaia DR3 4258462655287419776,18 42 06.31,-03 48 22.5
576,120-4,Gaia DR3 4258461620173469440,18 42 08.27,-03 51 03.0
577,120-5,Gaia DR3 4258461791972163840,18 42 08.47,-03 49 35.3
580,120-6,Gaia DR3 4258557110213184896,18 42 46.92,-03 13 17.3
581,120-15,Gaia DR3 4258650877925467264,18 43 17.23,-03 08 56.7
583,120-18,Gaia DR3 4260190366014987904,18 43 22.18,-01 03 37.3
586,120-10,Gaia DR3 4258703207808502144,18 43 58.03,-02 45 17.3
587,121,Gaia DR3 4258284534415364224,18 44 13.15,-03 47 57.8
588,121-15,Gaia DR3 4258706295872782592,18 44 20.66,-02 36 51.2
592,121-17,Gaia DR3 4258685375104408960,18 45 17.38,-02 48 13.1
594,121-12,Gaia DR3 4260073263704313728,18 46 00.97,-01 14 35.0
595,121-18,Gaia DR3 4253520659831494784,18 46 15.05,-05 42 21.1
600,121-1,Gaia DR3 4260047188967522304,18 49 27.34,-01 04 20.7
604,121-6,Gaia DR3 4259258010195996416,18 51 10.76,-01 30 03.5
606,121-16,Gaia DR3 4254815437833064064,18 51 39.7,-05 34 51.1
607,122,Gaia DR3 4266952014602177920,18 52 17.55,00 59 44.3
610,122-2,Gaia DR3 4266263411103249920,18 52 43.69,+00 08 41.6
613,122-17,Gaia DR3 4280987899006804480,18 53 19.55,+03 32 52.4
614,122-3,Gaia DR3 4266994758119500160,18 54 03.12,+01 24 50.8
620,122-1,Gaia DR3 4265816429591726848,19 00 15.86,+00 05 17.3
623,122-5,Gaia DR3 4281254668018228096,19 01 27.12,+03 51 53.5
624,122-18,Gaia DR3 4310524771369393536,19 02 21.70,+08 47 09.2
625,122-15,Gaia DR3 4306688266055108480,19 02 42.35,06 54 44.8
626,123,Gaia DR3 4254678995275751808,19 03 59.02,-04 19 02.0
631,123-1,Gaia DR3 4307367180121252864,19 08 17.97,+08 29 10.5
632,123-3,Gaia DR3 4309176976263877888,19 08 38.09,+09 28 20.9
633,123-8,Gaia DR3 4309211331708602240,19 10 06.40,09 45 25.4
635,124,Gaia DR3 4513494205567536512,19 11 30.87,+16 51 38.1
636,124-1B,Gaia DR3 4309265830540509312,19 12 24.01,+09 57 29.3
637,124-1A,Gaia DR3 4309265864900247424,19 12 24.13,+09 57 28.8
639,124-8,Gaia DR3 4312879684758932352,19 13 24.41,+11 43 27.0
643,124-3,Gaia DR3 4319236236367451264,19 16 18.38,+12 46 49.3
645,124-9,Gaia DR3 4319502902284779392,19 17 32.80,+14 08 28.0
647,124-18,Gaia DR3 4319406076548902784,19 18 31.35,13 43 39.1
649,124-19,Gaia DR3 4315954572104614400,19 20 02.47,12 08 20.2
651,124-2,Gaia DR3 4319423252107433216,19 20 40.39,+13 50 35.1
653,124-6,Gaia DR3 4319620373924501120,19 22 53.61,+14 08 49.8
654,124-7,Gaia DR3 4319831724985219456,19 22 54.45,+14 11 27.9
655,124-11,Gaia DR3 4322765389497405952,19 24 46.91,+17 14 25.0
656,124-20,Gaia DR3 4322565798082824832,19 25 18.16,17 02 15.5
657,124-21,Gaia DR3 4322817483169888512,19 26 08.35,17 46 22.9
658,124-22,Gaia DR3 4321618083470555264,19 27 17.98,16 05 24.5
659,125,Gaia DR3 4515628288919542784,19 28 15.61,+19 33 21.4
660,125-4,Gaia DR3 4323004979954775552,19 30 05.31,+17 46 01.0
661,125-3,Gaia DR3 4323329438956658432,19 30 13.56,+18 32 02.4
662,125-2,Gaia DR3 4323332329499518848,19 30 38.84,+18 39 09.7
663,125-5,Gaia DR3 4323384384508400256,19 31 15.07,+19 04 18.3
664,125-1,Gaia DR3 1825418588978011648,19 33 44.01,+19 22 47.4
665,125-6,Gaia DR3 1825407490781545216,19 34 10.42,+19 22 13.9
666,126,Gaia DR3 2022054350800575488,19 39 56.19,+26 34 42.4
667,127,Gaia DR3 2028294667765054464,19 46 15.94,+28 16 19.0
668,129,Gaia DR3 2032145466709678464,19 48 18.26,+30 26 52.6
669,128,Gaia DR3 1821509378448652416,19 48 32.20,+18 12 03.6
670,130,Gaia DR3 2030934212864924032,19 59 12.69,+31 27 08.9
671,131,Gaia DR3 2034210349533480192,20 00 19.12,+33 15 51.0
672,132,Gaia DR3 2034096172116995712,20 01 39.73,+32 34 17.9
673,133,Gaia DR3 2059076148587289728,20 05 57.32,+35 47 18.0
674,134,Gaia DR3 2059146654767199872,20 10 14.19,+36 10 34.9
675,135,Gaia DR3 2058985262750809088,20 11 53.52,+36 11 50.4
676,136,Gaia DR3 2061690233159124352,20 12 06.53,+38 21 17.7
677,137,Gaia DR3 2060508777869902592,20 14 31.76,+36 39 39.5
678,138,Gaia DR3 2060661846184974464,20 17 00.02,+37 25 23.7
679,138-1,Gaia DR3 2062560122958679936,20 17 08.11,+41 07 26.9
680,139,Gaia DR3 2061291595788070656,20 19 32.42,+38 43 53.9
681,140,Gaia DR3 2081261372633822592,20 20 27.97,+43 51 16.3
682,141,Gaia DR3 2057563358004716928,20 21 31.73,+36 55 12.7
683,142,Gaia DR3 2057966393428544128,20 21 44.34,+37 22 30.4
684,142a,Gaia DR3 2068434332539101056,20 24 06.20,+41 25 33.00
685,142-1,Gaia DR3 2069091531258827648,20 28 14.55,43 39 25.4
686,143,Gaia DR3 2064136925704910080,20 28 22.66,+38 37 18.9
687,144,Gaia DR3 2067824545964503168,20 32 03.02,+41 15 20.4
688,145,Gaia DR3 2067745076187793024,20 32 06.27,+40 48 29.5
690,146,Gaia DR3 2067867358199590400,20 35 47.08,+41 22 44.6
691,147,Gaia DR3 2064671253991921408,20 36 43.63,+40 21 07.4
692,147-1,Gaia DR3 2069445505277962624,20 38 22.92,+42 28 03.4
693,148,Gaia DR3 2182307453299864064,20 41 21.54,+52 35 15.1
694,148-1,Gaia DR3 2070186369963278080,20 43 36.48,+44 55 05.2
695,148-2,Gaia DR3 2163819130932894464,20 57 40.95,+46 59 45.0
696,149,Gaia DR3 2165537770680635904,21 07 11.69,+48 25 36.2
697,149-1,Gaia DR3 2175877200059926784,21 19 47.42,+53 22 25.0
698,149-2,Gaia DR3 2172742767287991296,21 27 21.23,+52 32 05.1
699,150,Gaia DR3 1980522738604744704,21 50 05.57,+50 42 24.7
700,151,Gaia DR3 2198726735325037440,22 09 33.44,+57 44 30.5
701,151-1,Gaia DR3 2203006756130126336,22 09 50.11,+60 22 33.7
702,152,Gaia DR3 2006109684151966720,22 16 24.03,+55 37 36.7
703,153,Gaia DR3 2006219978921880192,22 18 45.60,+56 07 33.9
704,154,Gaia DR3 2007494038022005248,22 27 17.81,+56 15 11.7
705,155,Gaia DR3 2006888825592397440,22 36 53.95,+56 54 20.9
706,156,Gaia DR3 2014674226896884864,23 00 10.12,+60 55 38.4
707,157,Gaia DR3 2013906561629759232,23 15 12.39,+60 27 01.8
708,158,Gaia DR3 2012912500041834752,23 43 30.59,+61 55 48.1
709,159,Gaia DR3 2016055591466867712,23 47 20.38,+63 13 14.2
